destination,photo_id,rank,r,g,b,weight
Japan,0n2FxR6rlKo,1,142,124,114,0.3406666666666667
Japan,0n2FxR6rlKo,2,180,164,154,0.26033333333333336
Japan,0n2FxR6rlKo,3,97,75,67,0.2
Japan,0n2FxR6rlKo,4,39,31,26,0.13366666666666666
Japan,0n2FxR6rlKo,5,232,233,230,0.06533333333333333
Japan,7NX_PkUQ9fQ,1,29,26,28,0.316
Japan,7NX_PkUQ9fQ,2,87,80,84,0.228
Japan,7NX_PkUQ9fQ,3,140,144,157,0.21766666666666667
Japan,7NX_PkUQ9fQ,4,201,197,208,0.15033333333333335
Japan,7NX_PkUQ9fQ,5,183,80,73,0.088
Japan,f1KrC0Z6Jww,1,6,7,15,0.355
Japan,f1KrC0Z6Jww,2,16,36,50,0.261
Japan,f1KrC0Z6Jww,3,60,80,94,0.165
Japan,f1KrC0Z6Jww,4,93,122,143,0.15066666666666667
Japan,f1KrC0Z6Jww,5,164,174,181,0.06833333333333333
Japan,oJMPcUv2CWA,1,179,172,176,0.279
Japan,oJMPcUv2CWA,2,51,48,49,0.24933333333333332
Japan,oJMPcUv2CWA,3,145,135,137,0.203
Japan,oJMPcUv2CWA,4,101,87,90,0.18733333333333332
Japan,oJMPcUv2CWA,5,224,224,226,0.08133333333333333
Japan,Hiipx7aX2vQ,1,34,41,37,0.323
Japan,Hiipx7aX2vQ,2,59,70,72,0.30833333333333335
Japan,Hiipx7aX2vQ,3,100,87,84,0.23666666666666666
Japan,Hiipx7aX2vQ,4,161,107,99,0.082
Japan,Hiipx7aX2vQ,5,193,166,159,0.05
Japan,PIl8mLN3gnQ,1,8,6,5,0.766
Japan,PIl8mLN3gnQ,2,56,41,34,0.15033333333333335
Japan,PIl8mLN3gnQ,3,93,93,106,0.04466666666666667
Japan,PIl8mLN3gnQ,4,176,171,171,0.025333333333333333
Japan,PIl8mLN3gnQ,5,208,66,31,0.013666666666666667
Japan,yeZowdyBZTs,1,8,21,34,0.29433333333333334
Japan,yeZowdyBZTs,2,101,122,138,0.21
Japan,yeZowdyBZTs,3,41,72,100,0.20333333333333334
Japan,yeZowdyBZTs,4,170,162,154,0.19433333333333333
Japan,yeZowdyBZTs,5,213,209,201,0.098
Japan,vWrryx7pw3w,1,214,214,216,0.25566666666666665
Japan,vWrryx7pw3w,2,159,156,161,0.24833333333333332
Japan,vWrryx7pw3w,3,102,110,123,0.19133333333333333
Japan,vWrryx7pw3w,4,85,165,228,0.17166666666666666
Japan,vWrryx7pw3w,5,50,55,61,0.133
Japan,qMgbGVHMot4,1,31,37,37,0.33166666666666667
Japan,qMgbGVHMot4,2,75,66,65,0.24733333333333332
Japan,qMgbGVHMot4,3,114,107,108,0.19933333333333333
Japan,qMgbGVHMot4,4,156,152,149,0.12366666666666666
Japan,qMgbGVHMot4,5,199,196,180,0.098
Japan,KNijwi0CU5U,1,177,229,234,0.2926666666666667
Japan,KNijwi0CU5U,2,83,199,210,0.21333333333333335
Japan,KNijwi0CU5U,3,97,120,124,0.18366666666666667
Japan,KNijwi0CU5U,4,186,146,125,0.16366666666666665
Japan,KNijwi0CU5U,5,74,53,48,0.14666666666666667
Japan,Sf8xFA5LKWQ,1,38,44,47,0.24533333333333332
Japan,Sf8xFA5LKWQ,2,131,135,141,0.23133333333333334
Japan,Sf8xFA5LKWQ,3,83,87,92,0.191
Japan,Sf8xFA5LKWQ,4,220,219,224,0.181
Japan,Sf8xFA5LKWQ,5,176,174,179,0.15133333333333332
Japan,ZeKTZS2l9ck,1,129,117,141,0.3273333333333333
Japan,ZeKTZS2l9ck,2,89,79,101,0.233
Japan,ZeKTZS2l9ck,3,44,44,52,0.16433333333333333
Japan,ZeKTZS2l9ck,4,170,158,173,0.15666666666666668
Japan,ZeKTZS2l9ck,5,210,203,216,0.11866666666666667
Japan,y0h1pER2-_8,1,15,15,10,0.39166666666666666
Japan,y0h1pER2-_8,2,59,53,44,0.222
Japan,y0h1pER2-_8,3,123,117,97,0.159
Japan,y0h1pER2-_8,4,89,156,178,0.15533333333333332
Japan,y0h1pER2-_8,5,218,208,187,0.072
Japan,9fgMq8tYvM0,1,83,79,79,0.255
Japan,9fgMq8tYvM0,2,32,30,32,0.22866666666666666
Japan,9fgMq8tYvM0,3,130,127,129,0.20633333333333334
Japan,9fgMq8tYvM0,4,177,183,185,0.162
Japan,9fgMq8tYvM0,5,239,243,244,0.148
Japan,u53mMaBkrfw,1,23,16,10,0.6533333333333333
Japan,u53mMaBkrfw,2,75,59,36,0.138
Japan,u53mMaBkrfw,3,140,103,71,0.09133333333333334
Japan,u53mMaBkrfw,4,201,164,123,0.06566666666666666
Japan,u53mMaBkrfw,5,241,229,208,0.051666666666666666
Japan,2A-I1SxZBXc,1,24,21,19,0.382
Japan,2A-I1SxZBXc,2,70,55,48,0.21133333333333335
Japan,2A-I1SxZBXc,3,119,92,82,0.17466666666666666
Japan,2A-I1SxZBXc,4,156,139,133,0.14933333333333335
Japan,2A-I1SxZBXc,5,206,195,190,0.08266666666666667
Japan,zkQEwH3HdYk,1,24,22,21,0.31
Japan,zkQEwH3HdYk,2,175,165,160,0.21066666666666667
Japan,zkQEwH3HdYk,3,132,114,106,0.202
Japan,zkQEwH3HdYk,4,82,68,62,0.169
Japan,zkQEwH3HdYk,5,218,211,208,0.10833333333333334
Japan,0BExqfEtp6A,1,5,4,4,0.36933333333333335
Japan,0BExqfEtp6A,2,52,47,42,0.19566666666666666
Japan,0BExqfEtp6A,3,95,88,76,0.19266666666666668
Japan,0BExqfEtp6A,4,146,126,105,0.17066666666666666
Japan,0BExqfEtp6A,5,186,175,156,0.07166666666666667
Japan,tExVrn47o3s,1,125,125,125,0.293
Japan,tExVrn47o3s,2,85,85,85,0.21566666666666667
Japan,tExVrn47o3s,3,38,38,38,0.20166666666666666
Japan,tExVrn47o3s,4,173,173,173,0.16933333333333334
Japan,tExVrn47o3s,5,234,234,234,0.12033333333333333
Japan,8GilUjZ4OXg,1,119,119,119,0.27266666666666667
Japan,8GilUjZ4OXg,2,28,28,28,0.23233333333333334
Japan,8GilUjZ4OXg,3,209,209,209,0.197
Japan,8GilUjZ4OXg,4,73,73,73,0.15533333333333332
Japan,8GilUjZ4OXg,5,161,161,161,0.14266666666666666
Japan,zFhNA1tKmKs,1,139,140,144,0.2803333333333333
Japan,zFhNA1tKmKs,2,83,64,64,0.245
Japan,zFhNA1tKmKs,3,32,15,14,0.211
Japan,zFhNA1tKmKs,4,127,105,102,0.18733333333333332
Japan,zFhNA1tKmKs,5,191,175,172,0.07633333333333334
Japan,fF6YUiV0DDs,1,18,19,14,0.3476666666666667
Japan,fF6YUiV0DDs,2,53,47,39,0.2856666666666667
Japan,fF6YUiV0DDs,3,83,78,70,0.20633333333333334
Japan,fF6YUiV0DDs,4,139,123,110,0.09833333333333333
Japan,fF6YUiV0DDs,5,181,185,178,0.062
Japan,h_3XLJGLh7k,1,27,19,22,0.49633333333333335
Japan,h_3XLJGLh7k,2,66,55,76,0.272
Japan,h_3XLJGLh7k,3,157,116,101,0.09933333333333333
Japan,h_3XLJGLh7k,4,198,188,192,0.07666666666666666
Japan,h_3XLJGLh7k,5,78,127,190,0.05566666666666667
Japan,Tnkhgq-PAbQ,1,236,242,248,0.28
Japan,Tnkhgq-PAbQ,2,200,205,213,0.26266666666666666
Japan,Tnkhgq-PAbQ,3,49,52,53,0.168
Japan,Tnkhgq-PAbQ,4,100,101,108,0.14833333333333334
Japan,Tnkhgq-PAbQ,5,158,161,169,0.141
Japan,ZVth5NPP2MA,1,22,38,31,0.475
Japan,ZVth5NPP2MA,2,59,68,50,0.2723333333333333
Japan,ZVth5NPP2MA,3,100,98,75,0.15233333333333332
Japan,ZVth5NPP2MA,4,179,152,98,0.058666666666666666
Japan,ZVth5NPP2MA,5,221,215,203,0.041666666666666664
Japan,vyBUZB2vEno,1,14,14,13,0.351
Japan,vyBUZB2vEno,2,164,183,192,0.26466666666666666
Japan,vyBUZB2vEno,3,101,118,127,0.2
Japan,vyBUZB2vEno,4,52,53,53,0.158
Japan,vyBUZB2vEno,5,180,90,59,0.026333333333333334
Japan,7VOqWKsMhsY,1,25,24,15,0.2936666666666667
Japan,7VOqWKsMhsY,2,79,52,36,0.22466666666666665
Japan,7VOqWKsMhsY,3,121,109,83,0.21333333333333335
Japan,7VOqWKsMhsY,4,165,158,134,0.18233333333333332
Japan,7VOqWKsMhsY,5,192,115,72,0.086
Japan,H6HZzsE6SfI,1,34,34,34,0.4036666666666667
Japan,H6HZzsE6SfI,2,66,66,66,0.287
Japan,H6HZzsE6SfI,3,102,102,102,0.17166666666666666
Japan,H6HZzsE6SfI,4,150,150,150,0.091
Japan,H6HZzsE6SfI,5,212,212,212,0.04666666666666667
Japan,sC0xL3_0g54,1,16,26,28,0.315
Japan,sC0xL3_0g54,2,66,72,68,0.2
Japan,sC0xL3_0g54,3,70,125,135,0.184
Japan,sC0xL3_0g54,4,156,116,98,0.16033333333333333
Japan,sC0xL3_0g54,5,201,179,169,0.14066666666666666
Japan,bhaJJxUIy6Q,1,17,17,10,0.571
Japan,bhaJJxUIy6Q,2,60,43,25,0.16366666666666665
Japan,bhaJJxUIy6Q,3,114,81,56,0.11433333333333333
Japan,bhaJJxUIy6Q,4,151,133,118,0.08266666666666667
Japan,bhaJJxUIy6Q,5,199,200,198,0.06833333333333333
Japan,7VOqWKsMhsY,1,25,25,16,0.301
Japan,7VOqWKsMhsY,2,79,50,35,0.22133333333333333
Japan,7VOqWKsMhsY,3,117,106,81,0.215
Japan,7VOqWKsMhsY,4,165,158,132,0.17566666666666667
Japan,7VOqWKsMhsY,5,190,115,74,0.087
Japan,Lx_9dZB4-sc,1,73,79,74,0.25033333333333335
Japan,Lx_9dZB4-sc,2,49,57,56,0.23233333333333334
Japan,Lx_9dZB4-sc,3,91,102,99,0.22733333333333333
Japan,Lx_9dZB4-sc,4,25,32,32,0.18133333333333335
Japan,Lx_9dZB4-sc,5,134,139,128,0.10866666666666666
Japan,bhaJJxUIy6Q,1,18,17,10,0.5973333333333334
Japan,bhaJJxUIy6Q,2,63,45,27,0.166
Japan,bhaJJxUIy6Q,3,118,85,60,0.11566666666666667
Japan,bhaJJxUIy6Q,4,152,139,129,0.072
Japan,bhaJJxUIy6Q,5,206,205,202,0.049
Japan,mJ5FnB1_zSE,1,139,139,141,0.27266666666666667
Japan,mJ5FnB1_zSE,2,181,182,183,0.2673333333333333
Japan,mJ5FnB1_zSE,3,38,34,34,0.19733333333333333
Japan,mJ5FnB1_zSE,4,92,83,83,0.17966666666666667
Japan,mJ5FnB1_zSE,5,249,250,251,0.083
Japan,o3K6o34EnPo,1,10,12,19,0.28933333333333333
Japan,o3K6o34EnPo,2,44,55,63,0.26466666666666666
Japan,o3K6o34EnPo,3,89,98,106,0.25733333333333336
Japan,o3K6o34EnPo,4,145,153,165,0.13866666666666666
Japan,o3K6o34EnPo,5,221,221,226,0.05
Japan,XhnfaRGkvOM,1,14,8,5,0.4483333333333333
Japan,XhnfaRGkvOM,2,44,28,15,0.3016666666666667
Japan,XhnfaRGkvOM,3,96,58,28,0.13933333333333334
Japan,XhnfaRGkvOM,4,154,95,46,0.07766666666666666
Japan,XhnfaRGkvOM,5,220,170,98,0.033
Japan,2qwCTXn4wtA,1,20,11,11,0.314
Japan,2qwCTXn4wtA,2,63,76,166,0.26566666666666666
Japan,2qwCTXn4wtA,3,88,54,56,0.23333333333333334
Japan,2qwCTXn4wtA,4,154,119,113,0.09733333333333333
Japan,2qwCTXn4wtA,5,233,230,227,0.08966666666666667
Japan,SgbYiN3u5u8,1,18,17,10,0.5666666666666667
Japan,SgbYiN3u5u8,2,67,47,27,0.12166666666666667
Japan,SgbYiN3u5u8,3,215,204,191,0.11633333333333333
Japan,SgbYiN3u5u8,4,163,158,148,0.10933333333333334
Japan,SgbYiN3u5u8,5,118,100,86,0.086
Japan,8PM7rdWQzbE,1,26,15,31,0.29233333333333333
Japan,8PM7rdWQzbE,2,66,62,114,0.23133333333333334
Japan,8PM7rdWQzbE,3,134,132,162,0.18333333333333332
Japan,8PM7rdWQzbE,4,206,203,209,0.16233333333333333
Japan,8PM7rdWQzbE,5,194,86,60,0.13066666666666665
Japan,7KLBtU9zIJM,1,21,21,23,0.27066666666666667
Japan,7KLBtU9zIJM,2,69,62,60,0.26566666666666666
Japan,7KLBtU9zIJM,3,119,114,106,0.249
Japan,7KLBtU9zIJM,4,161,165,162,0.17533333333333334
Japan,7KLBtU9zIJM,5,229,231,231,0.03933333333333333
Italy,TuROP1lErXQ,1,130,117,101,0.254
Italy,TuROP1lErXQ,2,179,163,145,0.24
Italy,TuROP1lErXQ,3,78,72,57,0.20066666666666666
Italy,TuROP1lErXQ,4,216,216,218,0.17366666666666666
Italy,TuROP1lErXQ,5,135,176,223,0.13166666666666665
Italy,RdJbmr46UMs,1,177,167,156,0.30433333333333334
Italy,RdJbmr46UMs,2,118,111,105,0.245
Italy,RdJbmr46UMs,3,63,56,52,0.23733333333333334
Italy,RdJbmr46UMs,4,127,182,248,0.109
Italy,RdJbmr46UMs,5,219,219,220,0.10433333333333333
Italy,OqS1ktQyAA0,1,146,125,117,0.225
Italy,OqS1ktQyAA0,2,177,159,149,0.214
Italy,OqS1ktQyAA0,3,138,187,240,0.21333333333333335
Italy,OqS1ktQyAA0,4,91,84,94,0.20766666666666667
Italy,OqS1ktQyAA0,5,49,39,39,0.14
Italy,lhni8O46Y_c,1,50,60,49,0.25833333333333336
Italy,lhni8O46Y_c,2,139,144,148,0.24566666666666667
Italy,lhni8O46Y_c,3,88,97,88,0.18533333333333332
Italy,lhni8O46Y_c,4,222,231,251,0.15833333333333333
Italy,lhni8O46Y_c,5,167,192,231,0.15233333333333332
Italy,hBFsZT2mJUc,1,138,179,228,0.25233333333333335
Italy,hBFsZT2mJUc,2,147,136,133,0.251
Italy,hBFsZT2mJUc,3,115,105,102,0.20366666666666666
Italy,hBFsZT2mJUc,4,76,141,211,0.17633333333333334
Italy,hBFsZT2mJUc,5,51,60,69,0.11666666666666667
Italy,F-4GXNJZBjM,1,42,57,47,0.25733333333333336
Italy,F-4GXNJZBjM,2,160,199,249,0.25
Italy,F-4GXNJZBjM,3,69,97,92,0.195
Italy,F-4GXNJZBjM,4,205,189,173,0.14966666666666667
Italy,F-4GXNJZBjM,5,131,145,141,0.148
Italy,WSBbNGt2kxc,1,127,110,111,0.284
Italy,WSBbNGt2kxc,2,198,166,145,0.277
Italy,WSBbNGt2kxc,3,65,51,58,0.20866666666666667
Italy,WSBbNGt2kxc,4,216,214,216,0.11733333333333333
Italy,WSBbNGt2kxc,5,137,190,251,0.113
Italy,qjVkFXJj2eo,1,32,38,60,0.26666666666666666
Italy,qjVkFXJj2eo,2,203,226,240,0.25233333333333335
Italy,qjVkFXJj2eo,3,177,135,122,0.20866666666666667
Italy,qjVkFXJj2eo,4,124,81,70,0.16466666666666666
Italy,qjVkFXJj2eo,5,78,101,129,0.10766666666666666
Italy,mA0jQzr2T6A,1,127,177,176,0.43566666666666665
Italy,mA0jQzr2T6A,2,157,194,194,0.31
Italy,mA0jQzr2T6A,3,189,123,78,0.151
Italy,mA0jQzr2T6A,4,89,70,60,0.06566666666666666
Italy,mA0jQzr2T6A,5,221,170,131,0.03766666666666667
Italy,bjApm35DaM4,1,179,208,250,0.256
Italy,bjApm35DaM4,2,146,147,152,0.23
Italy,bjApm35DaM4,3,44,48,52,0.229
Italy,bjApm35DaM4,4,108,111,118,0.217
Italy,bjApm35DaM4,5,148,69,24,0.068
Italy,zDeYPAMOwvA,1,100,112,101,0.26066666666666666
Italy,zDeYPAMOwvA,2,183,198,217,0.22233333333333333
Italy,zDeYPAMOwvA,3,147,148,140,0.21166666666666667
Italy,zDeYPAMOwvA,4,64,73,53,0.20633333333333334
Italy,zDeYPAMOwvA,5,117,163,208,0.099
Italy,Ymy6D1MZbm0,1,181,160,145,0.38666666666666666
Italy,Ymy6D1MZbm0,2,60,68,56,0.20833333333333334
Italy,Ymy6D1MZbm0,3,148,103,95,0.206
Italy,Ymy6D1MZbm0,4,215,217,222,0.12033333333333333
Italy,Ymy6D1MZbm0,5,140,185,243,0.07866666666666666
Italy,n3WgICzO9uU,1,109,114,118,0.27066666666666667
Italy,n3WgICzO9uU,2,149,152,154,0.25766666666666665
Italy,n3WgICzO9uU,3,71,74,78,0.196
Italy,n3WgICzO9uU,4,32,32,36,0.16366666666666665
Italy,n3WgICzO9uU,5,246,247,245,0.112
Italy,uG69awAYq7Q,1,246,253,254,0.322
Italy,uG69awAYq7Q,2,90,89,87,0.26066666666666666
Italy,uG69awAYq7Q,3,112,114,117,0.231
Italy,uG69awAYq7Q,4,215,232,244,0.116
Italy,uG69awAYq7Q,5,51,50,50,0.07033333333333333
Italy,UwUU77Lk-_c,1,129,134,138,0.24833333333333332
Italy,UwUU77Lk-_c,2,77,80,86,0.228
Italy,UwUU77Lk-_c,3,176,184,189,0.20933333333333334
Italy,UwUU77Lk-_c,4,31,33,38,0.20433333333333334
Italy,UwUU77Lk-_c,5,249,249,249,0.11
Italy,19lhucLi3Ro,1,15,15,15,0.308
Italy,19lhucLi3Ro,2,170,199,212,0.216
Italy,19lhucLi3Ro,3,54,44,37,0.20433333333333334
Italy,19lhucLi3Ro,4,102,87,69,0.15033333333333335
Italy,19lhucLi3Ro,5,156,137,112,0.12133333333333333
Italy,KgpAbgwsdXg,1,113,88,67,0.3903333333333333
Italy,KgpAbgwsdXg,2,74,61,51,0.2663333333333333
Italy,KgpAbgwsdXg,3,151,113,80,0.20366666666666666
Italy,KgpAbgwsdXg,4,195,152,116,0.09566666666666666
Italy,KgpAbgwsdXg,5,248,248,247,0.044
Italy,WZByI3USXTc,1,183,133,88,0.254
Italy,WZByI3USXTc,2,134,102,72,0.22833333333333333
Italy,WZByI3USXTc,3,226,208,195,0.21166666666666667
Italy,WZByI3USXTc,4,80,67,52,0.15533333333333332
Italy,WZByI3USXTc,5,214,166,123,0.15066666666666667
Italy,Qt3wvR-j3IY,1,188,171,159,0.359
Italy,Qt3wvR-j3IY,2,145,148,146,0.34833333333333333
Italy,Qt3wvR-j3IY,3,117,87,62,0.115
Italy,Qt3wvR-j3IY,4,74,57,45,0.09033333333333333
Italy,Qt3wvR-j3IY,5,167,116,69,0.08733333333333333
Italy,z2JoJQzlcVs,1,74,61,51,0.4
Italy,z2JoJQzlcVs,2,182,123,75,0.18566666666666667
Italy,z2JoJQzlcVs,3,123,91,67,0.18533333333333332
Italy,z2JoJQzlcVs,4,196,158,127,0.12166666666666667
Italy,z2JoJQzlcVs,5,214,205,194,0.10733333333333334
Italy,zIw1hvzErus,1,135,129,128,0.2906666666666667
Italy,zIw1hvzErus,2,178,169,164,0.25666666666666665
Italy,zIw1hvzErus,3,81,81,87,0.187
Italy,zIw1hvzErus,4,194,211,224,0.151
Italy,zIw1hvzErus,5,22,25,34,0.11466666666666667
Italy,aoKahjLaSpc,1,110,85,56,0.2723333333333333
Italy,aoKahjLaSpc,2,90,69,46,0.25133333333333335
Italy,aoKahjLaSpc,3,134,102,63,0.23566666666666666
Italy,aoKahjLaSpc,4,61,48,37,0.187
Italy,aoKahjLaSpc,5,167,128,74,0.05366666666666667
Italy,hceiTDD_HZM,1,124,94,58,0.343
Italy,hceiTDD_HZM,2,98,74,48,0.25466666666666665
Italy,hceiTDD_HZM,3,149,117,73,0.19166666666666668
Italy,hceiTDD_HZM,4,58,49,39,0.18466666666666667
Italy,hceiTDD_HZM,5,207,132,48,0.026
Italy,IxY9rKPak-A,1,135,100,70,0.26866666666666666
Italy,IxY9rKPak-A,2,183,134,92,0.241
Italy,IxY9rKPak-A,3,76,65,51,0.22533333333333333
Italy,IxY9rKPak-A,4,219,193,177,0.13433333333333333
Italy,IxY9rKPak-A,5,178,172,165,0.13066666666666665
Italy,R0hFlbEeXz4,1,176,150,130,0.3433333333333333
Italy,R0hFlbEeXz4,2,166,139,116,0.2866666666666667
Italy,R0hFlbEeXz4,3,103,77,56,0.15033333333333335
Italy,R0hFlbEeXz4,4,73,56,44,0.13033333333333333
Italy,R0hFlbEeXz4,5,134,97,65,0.08933333333333333
Italy,MYnGz337lB0,1,103,74,50,0.38
Italy,MYnGz337lB0,2,155,114,74,0.20966666666666667
Italy,MYnGz337lB0,3,175,147,124,0.19066666666666668
Italy,MYnGz337lB0,4,53,50,46,0.158
Italy,MYnGz337lB0,5,228,189,153,0.06166666666666667
Italy,ahzpHgSPjvs,1,96,72,52,0.3016666666666667
Italy,ahzpHgSPjvs,2,147,108,67,0.24433333333333335
Italy,ahzpHgSPjvs,3,160,154,144,0.19866666666666666
Italy,ahzpHgSPjvs,4,211,144,67,0.19466666666666665
Italy,ahzpHgSPjvs,5,233,187,137,0.06066666666666667
Italy,YiaMAcCc8n4,1,234,194,162,0.29333333333333333
Italy,YiaMAcCc8n4,2,188,154,121,0.20033333333333334
Italy,YiaMAcCc8n4,3,129,100,70,0.18633333333333332
Italy,YiaMAcCc8n4,4,195,114,46,0.18133333333333335
Italy,YiaMAcCc8n4,5,76,55,38,0.13866666666666666
Italy,mbxgLkLIGb8,1,97,74,54,0.334
Italy,mbxgLkLIGb8,2,67,53,42,0.2906666666666667
Italy,mbxgLkLIGb8,3,128,101,72,0.19266666666666668
Italy,mbxgLkLIGb8,4,140,139,124,0.09966666666666667
Italy,mbxgLkLIGb8,5,177,190,182,0.083
Italy,uW7a0Jv_gog,1,194,164,141,0.2643333333333333
Italy,uW7a0Jv_gog,2,84,65,51,0.213
Italy,uW7a0Jv_gog,3,230,191,155,0.197
Italy,uW7a0Jv_gog,4,159,116,81,0.164
Italy,uW7a0Jv_gog,5,122,91,65,0.16166666666666665
Italy,N9vMPfq6Bok,1,36,37,36,0.29533333333333334
Italy,N9vMPfq6Bok,2,133,127,124,0.23433333333333334
Italy,N9vMPfq6Bok,3,98,81,71,0.22633333333333333
Italy,N9vMPfq6Bok,4,189,181,176,0.13866666666666666
Italy,N9vMPfq6Bok,5,232,235,238,0.10533333333333333
Italy,3XfmYpH0_bQ,1,195,170,151,0.44066666666666665
Italy,3XfmYpH0_bQ,2,152,106,70,0.19466666666666665
Italy,3XfmYpH0_bQ,3,114,82,57,0.156
Italy,3XfmYpH0_bQ,4,78,61,48,0.151
Italy,3XfmYpH0_bQ,5,178,133,96,0.057666666666666665
Italy,CCFng1boGOU,1,177,204,218,0.33066666666666666
Italy,CCFng1boGOU,2,29,27,23,0.208
Italy,CCFng1boGOU,3,75,61,52,0.183
Italy,CCFng1boGOU,4,123,97,81,0.16133333333333333
Italy,CCFng1boGOU,5,165,137,117,0.117
Italy,zkazu0_4clI,1,23,23,22,0.402
Italy,zkazu0_4clI,2,55,54,54,0.2976666666666667
Italy,zkazu0_4clI,3,102,100,96,0.16066666666666668
Italy,zkazu0_4clI,4,167,155,136,0.116
Italy,zkazu0_4clI,5,117,185,221,0.023666666666666666
Italy,IpmFVXls4sE,1,235,198,176,0.24666666666666667
Italy,IpmFVXls4sE,2,234,237,242,0.24
Italy,IpmFVXls4sE,3,206,157,127,0.21066666666666667
Italy,IpmFVXls4sE,4,152,107,78,0.167
Italy,IpmFVXls4sE,5,75,51,35,0.13566666666666666
Italy,RtJnsVyaTXY,1,67,76,87,0.2833333333333333
Italy,RtJnsVyaTXY,2,106,109,111,0.2773333333333333
Italy,RtJnsVyaTXY,3,142,160,174,0.19533333333333333
Italy,RtJnsVyaTXY,4,31,38,48,0.18266666666666667
Italy,RtJnsVyaTXY,5,217,213,202,0.06133333333333333
Italy,n3WgICzO9uU,1,110,115,120,0.27
Italy,n3WgICzO9uU,2,149,152,154,0.24333333333333335
Italy,n3WgICzO9uU,3,74,76,79,0.19733333333333333
Italy,n3WgICzO9uU,4,32,33,36,0.17733333333333334
Italy,n3WgICzO9uU,5,247,248,247,0.112
Italy,CDwCqgoPCgY,1,239,240,233,0.30733333333333335
Italy,CDwCqgoPCgY,2,97,102,101,0.233
Italy,CDwCqgoPCgY,3,37,39,39,0.19933333333333333
Italy,CDwCqgoPCgY,4,180,185,172,0.16166666666666665
Italy,CDwCqgoPCgY,5,131,91,23,0.09866666666666667
Italy,yFVFjzHzLEw,1,148,160,175,0.30133333333333334
Italy,yFVFjzHzLEw,2,119,123,134,0.22033333333333333
Italy,yFVFjzHzLEw,3,72,84,99,0.204
Italy,yFVFjzHzLEw,4,39,46,60,0.15933333333333333
Italy,yFVFjzHzLEw,5,206,213,217,0.115
Italy,EnWLX3rAdZ8,1,193,200,204,0.241
Italy,EnWLX3rAdZ8,2,177,172,168,0.22733333333333333
Italy,EnWLX3rAdZ8,3,35,40,39,0.22233333333333333
Italy,EnWLX3rAdZ8,4,139,138,136,0.172
Italy,EnWLX3rAdZ8,5,94,91,91,0.13733333333333334
Greece,9SBpT7gqgV4,1,119,147,171,0.24833333333333332
Greece,9SBpT7gqgV4,2,225,228,208,0.23866666666666667
Greece,9SBpT7gqgV4,3,48,60,67,0.189
Greece,9SBpT7gqgV4,4,159,213,244,0.178
Greece,9SBpT7gqgV4,5,88,109,127,0.146
Greece,G2VQGLKyjoo,1,35,27,26,0.333
Greece,G2VQGLKyjoo,2,94,86,81,0.266
Greece,G2VQGLKyjoo,3,160,169,157,0.17766666666666667
Greece,G2VQGLKyjoo,4,206,167,95,0.11633333333333333
Greece,G2VQGLKyjoo,5,226,215,175,0.107
Greece,FgW0V9bZZlc,1,44,53,65,0.31366666666666665
Greece,FgW0V9bZZlc,2,112,154,196,0.255
Greece,FgW0V9bZZlc,3,96,105,113,0.20066666666666666
Greece,FgW0V9bZZlc,4,198,190,173,0.16766666666666666
Greece,FgW0V9bZZlc,5,145,145,140,0.063
Greece,KTwhQQf1yus,1,127,152,203,0.25133333333333335
Greece,KTwhQQf1yus,2,97,116,154,0.23
Greece,KTwhQQf1yus,3,26,28,45,0.20866666666666667
Greece,KTwhQQf1yus,4,88,74,81,0.16866666666666666
Greece,KTwhQQf1yus,5,183,203,238,0.14133333333333334
Greece,0FIKyP5Sd70,1,107,74,64,0.35233333333333333
Greece,0FIKyP5Sd70,2,31,106,135,0.32266666666666666
Greece,0FIKyP5Sd70,3,20,15,18,0.158
Greece,0FIKyP5Sd70,4,66,45,45,0.1
Greece,0FIKyP5Sd70,5,121,120,122,0.067
Greece,DvDnHdWSo-k,1,55,61,70,0.32066666666666666
Greece,DvDnHdWSo-k,2,25,30,40,0.25966666666666666
Greece,DvDnHdWSo-k,3,107,112,118,0.20366666666666666
Greece,DvDnHdWSo-k,4,139,145,147,0.13533333333333333
Greece,DvDnHdWSo-k,5,217,160,108,0.08066666666666666
Greece,SZUic6cYm1o,1,81,98,114,0.342
Greece,SZUic6cYm1o,2,119,130,139,0.264
Greece,SZUic6cYm1o,3,163,162,159,0.22
Greece,SZUic6cYm1o,4,223,214,190,0.08933333333333333
Greece,SZUic6cYm1o,5,34,45,54,0.08466666666666667
Greece,BkRyuVMriHM,1,80,65,48,0.233
Greece,BkRyuVMriHM,2,138,132,114,0.19866666666666666
Greece,BkRyuVMriHM,3,195,186,168,0.198
Greece,BkRyuVMriHM,4,167,161,145,0.19566666666666666
Greece,BkRyuVMriHM,5,110,100,83,0.17466666666666666
Greece,H0Av2CN3jHY,1,210,212,205,0.291
Greece,H0Av2CN3jHY,2,51,69,77,0.219
Greece,H0Av2CN3jHY,3,154,192,221,0.216
Greece,H0Av2CN3jHY,4,76,138,183,0.13766666666666666
Greece,H0Av2CN3jHY,5,142,138,125,0.13633333333333333
Greece,UVmmnuWIU3Y,1,196,204,210,0.3496666666666667
Greece,UVmmnuWIU3Y,2,83,116,133,0.19966666666666666
Greece,UVmmnuWIU3Y,3,167,187,199,0.17366666666666666
Greece,UVmmnuWIU3Y,4,107,137,152,0.16466666666666666
Greece,UVmmnuWIU3Y,5,57,91,108,0.11233333333333333
Greece,2qU_rdsRvm0,1,137,168,180,0.2663333333333333
Greece,2qU_rdsRvm0,2,171,189,201,0.26166666666666666
Greece,2qU_rdsRvm0,3,101,141,154,0.2613333333333333
Greece,2qU_rdsRvm0,4,236,232,232,0.17466666666666666
Greece,2qU_rdsRvm0,5,87,71,54,0.036
Greece,fUvziNhy2ho,1,244,245,235,0.37766666666666665
Greece,fUvziNhy2ho,2,147,122,101,0.203
Greece,fUvziNhy2ho,3,89,73,61,0.16533333333333333
Greece,fUvziNhy2ho,4,207,178,138,0.15133333333333332
Greece,fUvziNhy2ho,5,39,16,5,0.10266666666666667
Greece,bd4AbwxDwB0,1,111,111,119,0.37833333333333335
Greece,bd4AbwxDwB0,2,70,75,90,0.22266666666666668
Greece,bd4AbwxDwB0,3,158,158,163,0.20833333333333334
Greece,bd4AbwxDwB0,4,211,215,225,0.09866666666666667
Greece,bd4AbwxDwB0,5,33,29,30,0.092
Greece,46X4q74UbI4,1,168,193,234,0.333
Greece,46X4q74UbI4,2,11,33,61,0.29133333333333333
Greece,46X4q74UbI4,3,49,78,108,0.18133333333333335
Greece,46X4q74UbI4,4,231,222,210,0.11466666666666667
Greece,46X4q74UbI4,5,150,138,126,0.07966666666666666
Greece,0f4DPxOszCo,1,125,143,172,0.31233333333333335
Greece,0f4DPxOszCo,2,186,181,178,0.21666666666666667
Greece,0f4DPxOszCo,3,69,58,51,0.16533333333333333
Greece,0f4DPxOszCo,4,231,227,221,0.16033333333333333
Greece,0f4DPxOszCo,5,133,117,104,0.14533333333333334
Greece,ipN3DLElyEI,1,169,179,194,0.307
Greece,ipN3DLElyEI,2,117,135,159,0.283
Greece,ipN3DLElyEI,3,220,222,225,0.14666666666666667
Greece,ipN3DLElyEI,4,80,71,80,0.13866666666666666
Greece,ipN3DLElyEI,5,195,165,106,0.12466666666666666
Greece,52h5fx48Egg,1,188,194,225,0.30966666666666665
Greece,52h5fx48Egg,2,109,83,72,0.257
Greece,52h5fx48Egg,3,32,41,63,0.186
Greece,52h5fx48Egg,4,182,148,131,0.124
Greece,52h5fx48Egg,5,72,87,131,0.12333333333333334
Greece,S_FOPyula08,1,149,169,194,0.3606666666666667
Greece,S_FOPyula08,2,44,71,104,0.23733333333333334
Greece,S_FOPyula08,3,109,114,125,0.176
Greece,S_FOPyula08,4,228,218,203,0.128
Greece,S_FOPyula08,5,33,39,48,0.098
Greece,IUmum2v9-WM,1,153,150,151,0.23233333333333334
Greece,IUmum2v9-WM,2,124,98,95,0.23
Greece,IUmum2v9-WM,3,164,191,215,0.18333333333333332
Greece,IUmum2v9-WM,4,71,55,61,0.17733333333333334
Greece,IUmum2v9-WM,5,213,222,228,0.177
Greece,6JeBOa2D8Pw,1,197,217,227,0.279
Greece,6JeBOa2D8Pw,2,157,168,172,0.242
Greece,6JeBOa2D8Pw,3,130,133,132,0.22133333333333333
Greece,6JeBOa2D8Pw,4,96,98,94,0.15666666666666668
Greece,6JeBOa2D8Pw,5,51,57,56,0.101
Greece,gQyIEztuBGw,1,89,83,82,0.37366666666666665
Greece,gQyIEztuBGw,2,58,58,60,0.24233333333333335
Greece,gQyIEztuBGw,3,117,112,111,0.226
Greece,gQyIEztuBGw,4,157,155,158,0.11833333333333333
Greece,gQyIEztuBGw,5,216,215,216,0.03966666666666667
Greece,oUnRNaUR6gA,1,135,139,147,0.2886666666666667
Greece,oUnRNaUR6gA,2,10,148,201,0.2856666666666667
Greece,oUnRNaUR6gA,3,193,183,177,0.2
Greece,oUnRNaUR6gA,4,81,93,107,0.153
Greece,oUnRNaUR6gA,5,124,191,243,0.07266666666666667
Greece,blcN2U9d6rY,1,216,224,233,0.38033333333333336
Greece,blcN2U9d6rY,2,118,116,116,0.181
Greece,blcN2U9d6rY,3,136,176,218,0.18066666666666667
Greece,blcN2U9d6rY,4,173,167,163,0.16133333333333333
Greece,blcN2U9d6rY,5,54,49,46,0.09666666666666666
Greece,CpC7lBcxzjM,1,221,216,214,0.32966666666666666
Greece,CpC7lBcxzjM,2,201,188,179,0.21666666666666667
Greece,CpC7lBcxzjM,3,183,160,139,0.20066666666666666
Greece,CpC7lBcxzjM,4,133,119,107,0.16233333333333333
Greece,CpC7lBcxzjM,5,71,82,80,0.09066666666666667
Greece,XKArpKD5lvg,1,111,186,250,0.4063333333333333
Greece,XKArpKD5lvg,2,218,201,208,0.284
Greece,XKArpKD5lvg,3,24,164,244,0.15966666666666668
Greece,XKArpKD5lvg,4,240,236,242,0.09966666666666667
Greece,XKArpKD5lvg,5,106,48,59,0.050333333333333334
Greece,SEChD9jGA1g,1,206,212,223,0.473
Greece,SEChD9jGA1g,2,244,244,243,0.23166666666666666
Greece,SEChD9jGA1g,3,108,150,197,0.168
Greece,SEChD9jGA1g,4,201,145,152,0.07566666666666666
Greece,SEChD9jGA1g,5,48,88,124,0.051666666666666666
Greece,SegXLivknCI,1,78,140,201,0.26966666666666667
Greece,SegXLivknCI,2,131,168,199,0.237
Greece,SegXLivknCI,3,19,48,90,0.167
Greece,SegXLivknCI,4,40,80,130,0.16566666666666666
Greece,SegXLivknCI,5,233,228,222,0.16066666666666668
Greece,AZdLN3ymP0s,1,244,238,235,0.439
Greece,AZdLN3ymP0s,2,35,35,26,0.18266666666666667
Greece,AZdLN3ymP0s,3,216,195,164,0.14433333333333334
Greece,AZdLN3ymP0s,4,152,141,124,0.134
Greece,AZdLN3ymP0s,5,96,92,81,0.1
Greece,Sz0Fvvp34_w,1,175,184,199,0.283
Greece,Sz0Fvvp34_w,2,154,164,178,0.265
Greece,Sz0Fvvp34_w,3,123,134,152,0.2
Greece,Sz0Fvvp34_w,4,84,97,120,0.15766666666666668
Greece,Sz0Fvvp34_w,5,56,55,52,0.09433333333333334
Greece,DhioakNRMI8,1,228,226,221,0.2786666666666667
Greece,DhioakNRMI8,2,55,39,31,0.21466666666666667
Greece,DhioakNRMI8,3,74,101,126,0.21166666666666667
Greece,DhioakNRMI8,4,183,178,169,0.16033333333333333
Greece,DhioakNRMI8,5,192,128,46,0.13466666666666666
Greece,4d74SESdhr0,1,231,233,236,0.545
Greece,4d74SESdhr0,2,163,173,186,0.162
Greece,4d74SESdhr0,3,38,21,15,0.14266666666666666
Greece,4d74SESdhr0,4,147,114,89,0.08266666666666667
Greece,4d74SESdhr0,5,29,117,197,0.06766666666666667
Greece,umFQ5gUuzs4,1,187,196,196,0.37166666666666665
Greece,umFQ5gUuzs4,2,143,159,165,0.22766666666666666
Greece,umFQ5gUuzs4,3,69,124,168,0.186
Greece,umFQ5gUuzs4,4,20,83,137,0.16833333333333333
Greece,umFQ5gUuzs4,5,82,68,48,0.04633333333333333
Greece,CdOQeeqMUzs,1,246,173,129,0.249
Greece,CdOQeeqMUzs,2,58,39,31,0.21933333333333332
Greece,CdOQeeqMUzs,3,237,123,86,0.2
Greece,CdOQeeqMUzs,4,191,158,137,0.19633333333333333
Greece,CdOQeeqMUzs,5,132,70,56,0.13533333333333333
Greece,g3AfAZNDTXo,1,176,172,161,0.23866666666666667
Greece,g3AfAZNDTXo,2,232,223,212,0.22266666666666668
Greece,g3AfAZNDTXo,3,135,124,109,0.211
Greece,g3AfAZNDTXo,4,63,89,87,0.20766666666666667
Greece,g3AfAZNDTXo,5,37,35,30,0.12
Greece,lmur6RSpbG4,1,18,142,224,0.2693333333333333
Greece,lmur6RSpbG4,2,15,116,188,0.22633333333333333
Greece,lmur6RSpbG4,3,2,87,151,0.217
Greece,lmur6RSpbG4,4,1,60,106,0.206
Greece,lmur6RSpbG4,5,50,158,230,0.08133333333333333
Greece,FINwOwYNTvI,1,229,229,237,0.36766666666666664
Greece,FINwOwYNTvI,2,132,135,153,0.208
Greece,FINwOwYNTvI,3,178,173,187,0.194
Greece,FINwOwYNTvI,4,69,85,113,0.139
Greece,FINwOwYNTvI,5,29,31,39,0.09133333333333334
Greece,evcIvW8AP94,1,42,71,109,0.299
Greece,evcIvW8AP94,2,157,144,133,0.2956666666666667
Greece,evcIvW8AP94,3,122,116,114,0.19233333333333333
Greece,evcIvW8AP94,4,97,167,214,0.18766666666666668
Greece,evcIvW8AP94,5,213,216,214,0.025333333333333333
Greece,iY19M1wdP7M,1,233,227,216,0.37133333333333335
Greece,iY19M1wdP7M,2,199,182,157,0.30433333333333334
Greece,iY19M1wdP7M,3,170,127,85,0.22466666666666665
Greece,iY19M1wdP7M,4,80,59,46,0.07333333333333333
Greece,iY19M1wdP7M,5,44,120,188,0.026333333333333334
Greece,6MxxQJtDgak,1,204,197,210,0.2906666666666667
Greece,6MxxQJtDgak,2,158,165,176,0.24533333333333332
Greece,6MxxQJtDgak,3,79,85,87,0.18466666666666667
Greece,6MxxQJtDgak,4,115,127,134,0.16333333333333333
Greece,6MxxQJtDgak,5,36,38,41,0.116
Greece,2zf1XW81D88,1,49,74,114,0.281
Greece,2zf1XW81D88,2,86,124,170,0.2633333333333333
Greece,2zf1XW81D88,3,123,158,195,0.21466666666666667
Greece,2zf1XW81D88,4,206,206,201,0.16733333333333333
Greece,2zf1XW81D88,5,144,143,137,0.07366666666666667
Thailand,RBDgTJt3i-c,1,36,153,197,0.24633333333333332
Thailand,RBDgTJt3i-c,2,110,184,224,0.23166666666666666
Thailand,RBDgTJt3i-c,3,137,128,68,0.20833333333333334
Thailand,RBDgTJt3i-c,4,58,71,36,0.19266666666666668
Thailand,RBDgTJt3i-c,5,189,213,215,0.121
Thailand,pDZMPBBELeQ,1,219,223,226,0.288
Thailand,pDZMPBBELeQ,2,172,186,188,0.2713333333333333
Thailand,pDZMPBBELeQ,3,77,72,67,0.21633333333333332
Thailand,pDZMPBBELeQ,4,133,138,134,0.147
Thailand,pDZMPBBELeQ,5,73,162,192,0.07733333333333334
Thailand,NSd2ae5z_Yw,1,170,201,244,0.408
Thailand,NSd2ae5z_Yw,2,122,169,250,0.23333333333333334
Thailand,NSd2ae5z_Yw,3,182,166,143,0.147
Thailand,NSd2ae5z_Yw,4,114,104,91,0.112
Thailand,NSd2ae5z_Yw,5,29,31,31,0.09966666666666667
Thailand,rh8K5Lk1he4,1,35,38,22,0.30033333333333334
Thailand,rh8K5Lk1he4,2,119,116,78,0.211
Thailand,rh8K5Lk1he4,3,77,75,40,0.19033333333333333
Thailand,rh8K5Lk1he4,4,227,218,199,0.16933333333333334
Thailand,rh8K5Lk1he4,5,171,160,120,0.129
Thailand,MPRaVssGyQk,1,252,252,252,0.5
Thailand,MPRaVssGyQk,2,206,206,206,0.15066666666666667
Thailand,MPRaVssGyQk,3,44,44,44,0.12033333333333333
Thailand,MPRaVssGyQk,4,158,158,158,0.116
Thailand,MPRaVssGyQk,5,99,99,99,0.113
Thailand,sYpNq-EBCvg,1,154,207,246,0.29333333333333333
Thailand,sYpNq-EBCvg,2,93,108,97,0.22366666666666668
Thailand,sYpNq-EBCvg,3,235,245,238,0.18833333333333332
Thailand,sYpNq-EBCvg,4,139,147,123,0.16166666666666665
Thailand,sYpNq-EBCvg,5,46,66,60,0.133
Thailand,XNyhLJ7-R0I,1,164,186,199,0.27466666666666667
Thailand,XNyhLJ7-R0I,2,112,112,92,0.27366666666666667
Thailand,XNyhLJ7-R0I,3,85,147,191,0.19433333333333333
Thailand,XNyhLJ7-R0I,4,73,76,34,0.147
Thailand,XNyhLJ7-R0I,5,189,166,114,0.11033333333333334
Thailand,vxWWhhNILjQ,1,132,130,130,0.3406666666666667
Thailand,vxWWhhNILjQ,2,116,103,82,0.22433333333333333
Thailand,vxWWhhNILjQ,3,18,30,28,0.18433333333333332
Thailand,vxWWhhNILjQ,4,74,71,58,0.159
Thailand,vxWWhhNILjQ,5,190,186,184,0.09166666666666666
Thailand,KDXEnIXXw4Y,1,26,31,37,0.2723333333333333
Thailand,KDXEnIXXw4Y,2,87,142,195,0.23566666666666666
Thailand,KDXEnIXXw4Y,3,61,68,67,0.218
Thailand,KDXEnIXXw4Y,4,168,192,210,0.15733333333333333
Thailand,KDXEnIXXw4Y,5,107,115,108,0.11666666666666667
Thailand,o1ZIikGUQ7M,1,166,180,206,0.322
Thailand,o1ZIikGUQ7M,2,122,144,178,0.2853333333333333
Thailand,o1ZIikGUQ7M,3,67,94,130,0.186
Thailand,o1ZIikGUQ7M,4,217,226,240,0.15033333333333335
Thailand,o1ZIikGUQ7M,5,37,41,56,0.05633333333333333
Thailand,BPxN0eMDU2A,1,221,221,222,0.2866666666666667
Thailand,BPxN0eMDU2A,2,124,170,201,0.25433333333333336
Thailand,BPxN0eMDU2A,3,170,198,217,0.22533333333333333
Thailand,BPxN0eMDU2A,4,35,37,27,0.172
Thailand,BPxN0eMDU2A,5,102,98,86,0.06166666666666667
Thailand,D0-tRt7e2D0,1,206,201,193,0.25666666666666665
Thailand,D0-tRt7e2D0,2,127,72,37,0.221
Thailand,D0-tRt7e2D0,3,208,146,81,0.201
Thailand,D0-tRt7e2D0,4,34,15,11,0.17233333333333334
Thailand,D0-tRt7e2D0,5,134,146,161,0.149
Thailand,OhWrQYi9x2I,1,4,3,3,0.377
Thailand,OhWrQYi9x2I,2,193,174,156,0.23566666666666666
Thailand,OhWrQYi9x2I,3,138,145,144,0.186
Thailand,OhWrQYi9x2I,4,206,122,76,0.11733333333333333
Thailand,OhWrQYi9x2I,5,77,44,36,0.084
Thailand,xQoWZOP2gUg,1,137,181,209,0.26966666666666667
Thailand,xQoWZOP2gUg,2,23,37,25,0.25866666666666666
Thailand,xQoWZOP2gUg,3,53,77,74,0.22766666666666666
Thailand,xQoWZOP2gUg,4,198,215,231,0.14966666666666667
Thailand,xQoWZOP2gUg,5,104,140,138,0.09433333333333334
Thailand,bUsBvQqgohQ,1,51,52,37,0.316
Thailand,bUsBvQqgohQ,2,101,100,60,0.20966666666666667
Thailand,bUsBvQqgohQ,3,153,142,85,0.18933333333333333
Thailand,bUsBvQqgohQ,4,201,213,212,0.177
Thailand,bUsBvQqgohQ,5,148,166,164,0.108
Thailand,JobDlMNmIuU,1,228,233,238,0.30933333333333335
Thailand,JobDlMNmIuU,2,176,167,159,0.213
Thailand,JobDlMNmIuU,3,136,126,116,0.20633333333333334
Thailand,JobDlMNmIuU,4,191,205,214,0.175
Thailand,JobDlMNmIuU,5,98,88,77,0.09633333333333334
Thailand,-078Xddd4B0,1,44,51,53,0.37333333333333335
Thailand,-078Xddd4B0,2,124,119,121,0.209
Thailand,-078Xddd4B0,3,85,79,85,0.205
Thailand,-078Xddd4B0,4,149,153,168,0.16366666666666665
Thailand,-078Xddd4B0,5,211,205,218,0.049
Thailand,fWmHn_-Z3Gk,1,183,191,211,0.43833333333333335
Thailand,fWmHn_-Z3Gk,2,20,27,15,0.21133333333333335
Thailand,fWmHn_-Z3Gk,3,57,62,35,0.17566666666666667
Thailand,fWmHn_-Z3Gk,4,131,167,186,0.12033333333333333
Thailand,fWmHn_-Z3Gk,5,102,116,124,0.05433333333333333
Thailand,CZDOF7kTm7M,1,233,227,235,0.38133333333333336
Thailand,CZDOF7kTm7M,2,47,51,31,0.361
Thailand,CZDOF7kTm7M,3,190,187,206,0.13366666666666666
Thailand,CZDOF7kTm7M,4,131,134,153,0.071
Thailand,CZDOF7kTm7M,5,89,88,88,0.053
Thailand,gsllxmVO4HQ,1,210,216,222,0.3393333333333333
Thailand,gsllxmVO4HQ,2,90,166,229,0.19766666666666666
Thailand,gsllxmVO4HQ,3,140,100,42,0.17633333333333334
Thailand,gsllxmVO4HQ,4,185,159,83,0.16066666666666668
Thailand,gsllxmVO4HQ,5,73,41,18,0.126
Thailand,wS9FVNH8zSY,1,179,178,169,0.24966666666666668
Thailand,wS9FVNH8zSY,2,96,93,86,0.219
Thailand,wS9FVNH8zSY,3,137,138,129,0.214
Thailand,wS9FVNH8zSY,4,43,41,37,0.171
Thailand,wS9FVNH8zSY,5,243,239,234,0.14633333333333334
Thailand,FWGvf4ioLT4,1,26,3,1,0.41533333333333333
Thailand,FWGvf4ioLT4,2,219,66,24,0.213
Thailand,FWGvf4ioLT4,3,140,27,6,0.18766666666666668
Thailand,FWGvf4ioLT4,4,239,148,62,0.131
Thailand,FWGvf4ioLT4,5,252,231,203,0.053
Thailand,nt4vOGxZ7gU,1,140,117,97,0.313
Thailand,nt4vOGxZ7gU,2,98,81,66,0.26466666666666666
Thailand,nt4vOGxZ7gU,3,176,153,139,0.214
Thailand,nt4vOGxZ7gU,4,28,29,30,0.12733333333333333
Thailand,nt4vOGxZ7gU,5,211,203,202,0.081
Thailand,h4BItTEOH0s,1,185,160,124,0.23533333333333334
Thailand,h4BItTEOH0s,2,101,71,44,0.22
Thailand,h4BItTEOH0s,3,148,115,73,0.219
Thailand,h4BItTEOH0s,4,218,203,187,0.18733333333333332
Thailand,h4BItTEOH0s,5,42,30,19,0.13833333333333334
Thailand,8ENgXKBuBv4,1,51,51,51,0.2663333333333333
Thailand,8ENgXKBuBv4,2,171,171,171,0.249
Thailand,8ENgXKBuBv4,3,147,147,147,0.19
Thailand,8ENgXKBuBv4,4,80,80,80,0.16
Thailand,8ENgXKBuBv4,5,113,113,113,0.13466666666666666
Thailand,ocD75SD-k0s,1,37,30,34,0.3436666666666667
Thailand,ocD75SD-k0s,2,90,70,80,0.22966666666666666
Thailand,ocD75SD-k0s,3,158,123,132,0.18566666666666667
Thailand,ocD75SD-k0s,4,215,195,211,0.17333333333333334
Thailand,ocD75SD-k0s,5,103,165,226,0.06766666666666667
Thailand,xxCSeMPCp5E,1,173,169,139,0.23566666666666666
Thailand,xxCSeMPCp5E,2,62,67,27,0.207
Thailand,xxCSeMPCp5E,3,104,133,23,0.19033333333333333
Thailand,xxCSeMPCp5E,4,210,208,197,0.18833333333333332
Thailand,xxCSeMPCp5E,5,102,113,94,0.17866666666666667
Thailand,ytsYMo1ciWo,1,171,193,215,0.276
Thailand,ytsYMo1ciWo,2,33,34,25,0.23833333333333334
Thailand,ytsYMo1ciWo,3,79,85,47,0.20833333333333334
Thailand,ytsYMo1ciWo,4,131,125,77,0.18066666666666667
Thailand,ytsYMo1ciWo,5,201,139,56,0.09666666666666666
Thailand,zHgR9MiwIDs,1,21,20,31,0.37766666666666665
Thailand,zHgR9MiwIDs,2,44,46,72,0.3343333333333333
Thailand,zHgR9MiwIDs,3,94,67,76,0.148
Thailand,zHgR9MiwIDs,4,185,105,72,0.085
Thailand,zHgR9MiwIDs,5,247,185,97,0.055
Thailand,4vX8qmVF414,1,244,244,244,0.24766666666666667
Thailand,4vX8qmVF414,2,132,128,122,0.218
Thailand,4vX8qmVF414,3,181,174,164,0.20566666666666666
Thailand,4vX8qmVF414,4,88,87,81,0.199
Thailand,4vX8qmVF414,5,42,40,34,0.12966666666666668
Thailand,RGoywTgsMGY,1,22,30,25,0.30033333333333334
Thailand,RGoywTgsMGY,2,53,68,59,0.2826666666666667
Thailand,RGoywTgsMGY,3,69,116,103,0.195
Thailand,RGoywTgsMGY,4,53,178,159,0.19266666666666668
Thailand,RGoywTgsMGY,5,219,237,247,0.029333333333333333
Thailand,nt4vOGxZ7gU,1,138,115,95,0.309
Thailand,nt4vOGxZ7gU,2,98,81,66,0.23933333333333334
Thailand,nt4vOGxZ7gU,3,175,149,133,0.23366666666666666
Thailand,nt4vOGxZ7gU,4,31,32,32,0.11733333333333333
Thailand,nt4vOGxZ7gU,5,209,202,200,0.10066666666666667
Thailand,h4BItTEOH0s,1,108,77,49,0.24
Thailand,h4BItTEOH0s,2,186,163,130,0.214
Thailand,h4BItTEOH0s,3,156,123,77,0.20233333333333334
Thailand,h4BItTEOH0s,4,218,203,188,0.195
Thailand,h4BItTEOH0s,5,42,29,19,0.14866666666666667
Thailand,8ENgXKBuBv4,1,170,170,170,0.27466666666666667
Thailand,8ENgXKBuBv4,2,49,49,49,0.23566666666666666
Thailand,8ENgXKBuBv4,3,143,143,143,0.17633333333333334
Thailand,8ENgXKBuBv4,4,73,73,73,0.16566666666666666
Thailand,8ENgXKBuBv4,5,105,105,105,0.14766666666666667
Thailand,ocD75SD-k0s,1,39,32,36,0.353
Thailand,ocD75SD-k0s,2,96,72,82,0.231
Thailand,ocD75SD-k0s,3,215,196,213,0.17566666666666667
Thailand,ocD75SD-k0s,4,164,130,138,0.17133333333333334
Thailand,ocD75SD-k0s,5,99,159,225,0.069
Thailand,xxCSeMPCp5E,1,176,169,140,0.22666666666666666
Thailand,xxCSeMPCp5E,2,62,67,30,0.20766666666666667
Thailand,xxCSeMPCp5E,3,102,131,22,0.207
Thailand,xxCSeMPCp5E,4,109,118,95,0.18833333333333332
Thailand,xxCSeMPCp5E,5,210,209,200,0.17033333333333334
Thailand,kxZOshKYUeA,1,221,233,233,0.31866666666666665
Thailand,kxZOshKYUeA,2,128,178,184,0.253
Thailand,kxZOshKYUeA,3,101,158,139,0.189
Thailand,kxZOshKYUeA,4,167,204,208,0.16233333333333333
Thailand,kxZOshKYUeA,5,55,113,103,0.077
Thailand,ytsYMo1ciWo,1,95,98,55,0.2633333333333333
Thailand,ytsYMo1ciWo,2,37,39,26,0.261
Thailand,ytsYMo1ciWo,3,170,137,71,0.177
Thailand,ytsYMo1ciWo,4,150,180,209,0.174
Thailand,ytsYMo1ciWo,5,200,212,222,0.12466666666666666
Thailand,4vX8qmVF414,1,244,244,244,0.26
Thailand,4vX8qmVF414,2,136,131,124,0.236
Thailand,4vX8qmVF414,3,90,89,81,0.20066666666666666
Thailand,4vX8qmVF414,4,183,176,166,0.17866666666666667
Thailand,4vX8qmVF414,5,43,40,35,0.12466666666666666
Thailand,dQxKdoptyzY,1,49,56,53,0.24
Thailand,dQxKdoptyzY,2,123,121,108,0.23666666666666666
Thailand,dQxKdoptyzY,3,223,230,225,0.22766666666666666
Thailand,dQxKdoptyzY,4,205,174,139,0.152
Thailand,dQxKdoptyzY,5,147,189,202,0.14366666666666666
