destination,query,photo_id,image_small,photo_page,photographer,photographer_page
Japan,tokyo japan travel street,0n2FxR6rlKo,https://images.unsplash.com/photo-1690942891935-9c2fc5151a77?crop=entropy&cs=tinysrgb&fit=max&fm=jpg&ixid=M3w4ODAxNDl8MHwxfHNlYXJjaHwxfHx0b2t5byUyMGphcGFuJTIwdHJhdmVsJTIwc3RyZWV0fGVufDB8MHx8fDE3NzIxNDU2ODh8MA&ixlib=rb-4.1.0&q=80&w=400,https://unsplash.com/photos/a-busy-city-street-with-people-crossing-the-street-0n2FxR6rlKo,TE LUN OU YANG,https://unsplash.com/@telun_photo
Japan,tokyo japan travel street,7NX_PkUQ9fQ,https://images.unsplash.com/photo-1596829057868-f2abea9a3a3d?crop=entropy&cs=tinysrgb&fit=max&fm=jpg&ixid=M3w4ODAxNDl8MHwxfHNlYXJjaHwyfHx0b2t5byUyMGphcGFuJTIwdHJhdmVsJTIwc3RyZWV0fGVufDB8MHx8fDE3NzIxNDU2ODh8MA&ixlib=rb-4.1.0&q=80&w=400,https://unsplash.com/photos/people-walking-on-street-during-daytime-7NX_PkUQ9fQ,Kvnga,https://unsplash.com/@kvnga
Japan,tokyo japan travel street,f1KrC0Z6Jww,https://images.unsplash.com/photo-1672993654491-18fe35b533b9?crop=entropy&cs=tinysrgb&fit=max&fm=jpg&ixid=M3w4ODAxNDl8MHwxfHNlYXJjaHwzfHx0b2t5byUyMGphcGFuJTIwdHJhdmVsJTIwc3RyZWV0fGVufDB8MHx8fDE3NzIxNDU2ODh8MA&ixlib=rb-4.1.0&q=80&w=400,https://unsplash.com/photos/a-narrow-city-street-lined-with-tall-buildings-f1KrC0Z6Jww,Shade,https://unsplash.com/@shade_
Japan,tokyo japan travel street,oJMPcUv2CWA,https://images.unsplash.com/photo-1596646871656-644fd932d316?crop=entropy&cs=tinysrgb&fit=max&fm=jpg&ixid=M3w4ODAxNDl8MHwxfHNlYXJjaHw0fHx0b2t5byUyMGphcGFuJTIwdHJhdmVsJTIwc3RyZWV0fGVufDB8MHx8fDE3NzIxNDU2ODh8MA&ixlib=rb-4.1.0&q=80&w=400,https://unsplash.com/photos/people-walking-on-sidewalk-during-daytime-oJMPcUv2CWA,Kvnga,https://unsplash.com/@kvnga
Japan,tokyo japan travel street,Hiipx7aX2vQ,https://images.unsplash.com/photo-1697472266229-7e99c8d74037?crop=entropy&cs=tinysrgb&fit=max&fm=jpg&ixid=M3w4ODAxNDl8MHwxfHNlYXJjaHw1fHx0b2t5byUyMGphcGFuJTIwdHJhdmVsJTIwc3RyZWV0fGVufDB8MHx8fDE3NzIxNDU2ODh8MA&ixlib=rb-4.1.0&q=80&w=400,https://unsplash.com/photos/a-city-bus-driving-down-a-rain-soaked-street-Hiipx7aX2vQ,shun idota,https://unsplash.com/@itzshunnn
Japan,tokyo japan travel street,PIl8mLN3gnQ,https://images.unsplash.com/photo-1557348024-6938769deccd?crop=entropy&cs=tinysrgb&fit=max&fm=jpg&ixid=M3w4ODAxNDl8MHwxfHNlYXJjaHw2fHx0b2t5byUyMGphcGFuJTIwdHJhdmVsJTIwc3RyZWV0fGVufDB8MHx8fDE3NzIxNDU2ODh8MA&ixlib=rb-4.1.0&q=80&w=400,https://unsplash.com/photos/vehicles-near-houses-PIl8mLN3gnQ,RR Abrot,https://unsplash.com/@rr_abrot
Japan,tokyo japan travel street,yeZowdyBZTs,https://images.unsplash.com/photo-1609942225969-3f3109a13eb8?crop=entropy&cs=tinysrgb&fit=max&fm=jpg&ixid=M3w4ODAxNDl8MHwxfHNlYXJjaHw3fHx0b2t5byUyMGphcGFuJTIwdHJhdmVsJTIwc3RyZWV0fGVufDB8MHx8fDE3NzIxNDU2ODh8MA&ixlib=rb-4.1.0&q=80&w=400,https://unsplash.com/photos/crowd-of-people-on-street-during-nighttime-yeZowdyBZTs,Nikolay Likomanov,https://unsplash.com/@niki_likomanov
Japan,tokyo japan travel street,vWrryx7pw3w,https://images.unsplash.com/photo-1624682078060-745638f08997?crop=entropy&cs=tinysrgb&fit=max&fm=jpg&ixid=M3w4ODAxNDl8MHwxfHNlYXJjaHw4fHx0b2t5byUyMGphcGFuJTIwdHJhdmVsJTIwc3RyZWV0fGVufDB8MHx8fDE3NzIxNDU2ODh8MA&ixlib=rb-4.1.0&q=80&w=400,https://unsplash.com/photos/cars-on-road-between-high-rise-buildings-during-daytime-vWrryx7pw3w,Julius Yls,https://unsplash.com/@juliusyls
Japan,tokyo japan travel street,qMgbGVHMot4,https://images.unsplash.com/photo-1645405849944-363cb57e14ad?crop=entropy&cs=tinysrgb&fit=max&fm=jpg&ixid=M3w4ODAxNDl8MHwxfHNlYXJjaHw5fHx0b2t5byUyMGphcGFuJTIwdHJhdmVsJTIwc3RyZWV0fGVufDB8MHx8fDE3NzIxNDU2ODh8MA&ixlib=rb-4.1.0&q=80&w=400,https://unsplash.com/photos/a-car-is-parked-on-the-side-of-the-road-qMgbGVHMot4,Steven Cipres,https://unsplash.com/@thecipres
Japan,tokyo japan travel street,KNijwi0CU5U,https://images.unsplash.com/photo-1549693578-dbdea046dd2f?crop=entropy&cs=tinysrgb&fit=max&fm=jpg&ixid=M3w4ODAxNDl8MHwxfHNlYXJjaHwxMHx8dG9reW8lMjBqYXBhbiUyMHRyYXZlbCUyMHN0cmVldHxlbnwwfDB8fHwxNzcyMTQ1Njg4fDA&ixlib=rb-4.1.0&q=80&w=400,https://unsplash.com/photos/low-angle-photo-of-curtain-glass-wall-buildings-KNijwi0CU5U,Jezael Melgoza,https://unsplash.com/@jezar
Japan,tokyo japan travel street,Sf8xFA5LKWQ,https://images.unsplash.com/photo-1711965771365-6b7ccd2c6cb4?crop=entropy&cs=tinysrgb&fit=max&fm=jpg&ixid=M3w4ODAxNDl8MHwxfHNlYXJjaHwxMXx8dG9reW8lMjBqYXBhbiUyMHRyYXZlbCUyMHN0cmVldHxlbnwwfDB8fHwxNzcyMTQ1Njg4fDA&ixlib=rb-4.1.0&q=80&w=400,https://unsplash.com/photos/a-green-pedestrian-crossing-sign-on-a-city-street-Sf8xFA5LKWQ,Acin Aulia,https://unsplash.com/@acinaulia
Japan,tokyo japan travel street,ZeKTZS2l9ck,https://images.unsplash.com/photo-1548279370-c18731dff9d3?crop=entropy&cs=tinysrgb&fit=max&fm=jpg&ixid=M3w4ODAxNDl8MHwxfHNlYXJjaHwxMnx8dG9reW8lMjBqYXBhbiUyMHRyYXZlbCUyMHN0cmVldHxlbnwwfDB8fHwxNzcyMTQ1Njg4fDA&ixlib=rb-4.1.0&q=80&w=400,https://unsplash.com/photos/people-walking-on-pedestrian-lanes-ZeKTZS2l9ck,Luca Florio,https://unsplash.com/@elleflorio
Japan,tokyo japan travel street,y0h1pER2-_8,https://images.unsplash.com/photo-1766511373775-1089c6644e34?crop=entropy&cs=tinysrgb&fit=max&fm=jpg&ixid=M3w4ODAxNDl8MHwxfHNlYXJjaHwxM3x8dG9reW8lMjBqYXBhbiUyMHRyYXZlbCUyMHN0cmVldHxlbnwwfDB8fHwxNzcyMTQ1Njg4fDA&ixlib=rb-4.1.0&q=80&w=400,https://unsplash.com/photos/street-scene-with-tokyo-skytree-in-the-distance-y0h1pER2-_8,Kate Kasiutich,https://unsplash.com/@katekasiutich
Japan,tokyo japan travel street,9fgMq8tYvM0,https://images.unsplash.com/photo-1745027885476-5e012ffa2d55?crop=entropy&cs=tinysrgb&fit=max&fm=jpg&ixid=M3w4ODAxNDl8MHwxfHNlYXJjaHwxNHx8dG9reW8lMjBqYXBhbiUyMHRyYXZlbCUyMHN0cmVldHxlbnwwfDB8fHwxNzcyMTQ1Njg4fDA&ixlib=rb-4.1.0&q=80&w=400,https://unsplash.com/photos/people-cross-a-busy-intersection-in-tokyo-japan-9fgMq8tYvM0,Vlad D,https://unsplash.com/@hiking_corgi
Japan,tokyo japan travel street,u53mMaBkrfw,https://images.unsplash.com/photo-1573557436086-0e3226479a04?crop=entropy&cs=tinysrgb&fit=max&fm=jpg&ixid=M3w4ODAxNDl8MHwxfHNlYXJjaHwxNXx8dG9reW8lMjBqYXBhbiUyMHRyYXZlbCUyMHN0cmVldHxlbnwwfDB8fHwxNzcyMTQ1Njg4fDA&ixlib=rb-4.1.0&q=80&w=400,https://unsplash.com/photos/black-bike-parking-near-road-and-raising-during-night-time-u53mMaBkrfw,Dino Sabic,https://unsplash.com/@greyroseblack
Japan,tokyo japan travel street,2A-I1SxZBXc,https://images.unsplash.com/photo-1698152309358-5b843618eb60?crop=entropy&cs=tinysrgb&fit=max&fm=jpg&ixid=M3w4ODAxNDl8MHwxfHNlYXJjaHwxNnx8dG9reW8lMjBqYXBhbiUyMHRyYXZlbCUyMHN0cmVldHxlbnwwfDB8fHwxNzcyMTQ1Njg4fDA&ixlib=rb-4.1.0&q=80&w=400,https://unsplash.com/photos/a-group-of-people-walking-down-a-walkway-2A-I1SxZBXc,LIM ENG,https://unsplash.com/@shadoweng93
Japan,tokyo japan travel street,zkQEwH3HdYk,https://images.unsplash.com/photo-1698152261775-deab156f1aee?crop=entropy&cs=tinysrgb&fit=max&fm=jpg&ixid=M3w4ODAxNDl8MHwxfHNlYXJjaHwxN3x8dG9reW8lMjBqYXBhbiUyMHRyYXZlbCUyMHN0cmVldHxlbnwwfDB8fHwxNzcyMTQ1Njg4fDA&ixlib=rb-4.1.0&q=80&w=400,https://unsplash.com/photos/a-group-of-people-walking-down-a-walkway-zkQEwH3HdYk,LIM ENG,https://unsplash.com/@shadoweng93
Japan,tokyo japan travel street,0BExqfEtp6A,https://images.unsplash.com/photo-1583930263826-a1c6a639eaf2?crop=entropy&cs=tinysrgb&fit=max&fm=jpg&ixid=M3w4ODAxNDl8MHwxfHNlYXJjaHwxOHx8dG9reW8lMjBqYXBhbiUyMHRyYXZlbCUyMHN0cmVldHxlbnwwfDB8fHwxNzcyMTQ1Njg4fDA&ixlib=rb-4.1.0&q=80&w=400,https://unsplash.com/photos/cars-on-road-in-city-during-night-time-0BExqfEtp6A,Louie Nicolo Nimor,https://unsplash.com/@nicolonimor
Japan,tokyo japan travel street,tExVrn47o3s,https://images.unsplash.com/photo-1663440233726-b3ddc53f7729?crop=entropy&cs=tinysrgb&fit=max&fm=jpg&ixid=M3w4ODAxNDl8MHwxfHNlYXJjaHwxOXx8dG9reW8lMjBqYXBhbiUyMHRyYXZlbCUyMHN0cmVldHxlbnwwfDB8fHwxNzcyMTQ1Njg4fDA&ixlib=rb-4.1.0&q=80&w=400,https://unsplash.com/photos/people-on-a-train-tExVrn47o3s,Kenzo Tu,https://unsplash.com/@kenzotu
Japan,tokyo japan travel street,8GilUjZ4OXg,https://images.unsplash.com/photo-1738654881017-1bc6ece220f4?crop=entropy&cs=tinysrgb&fit=max&fm=jpg&ixid=M3w4ODAxNDl8MHwxfHNlYXJjaHwyMHx8dG9reW8lMjBqYXBhbiUyMHRyYXZlbCUyMHN0cmVldHxlbnwwfDB8fHwxNzcyMTQ1Njg4fDA&ixlib=rb-4.1.0&q=80&w=400,https://unsplash.com/photos/a-black-and-white-photo-of-a-city-street-8GilUjZ4OXg,Ivaldo Hadi,https://unsplash.com/@aldohadi
Japan,tokyo japan travel street,zFhNA1tKmKs,https://images.unsplash.com/photo-1507693595546-0512d61de389?crop=entropy&cs=tinysrgb&fit=max&fm=jpg&ixid=M3w4ODAxNDl8MHwxfHNlYXJjaHwyMXx8dG9reW8lMjBqYXBhbiUyMHRyYXZlbCUyMHN0cmVldHxlbnwwfDB8fHwxNzcyMTQ1Njg4fDA&ixlib=rb-4.1.0&q=80&w=400,https://unsplash.com/photos/two-women-walking-between-buildings-zFhNA1tKmKs,Jezael Melgoza,https://unsplash.com/@jezar
Japan,tokyo japan travel street,fF6YUiV0DDs,https://images.unsplash.com/photo-1598312119337-7bfc5c22748b?crop=entropy&cs=tinysrgb&fit=max&fm=jpg&ixid=M3w4ODAxNDl8MHwxfHNlYXJjaHwyMnx8dG9reW8lMjBqYXBhbiUyMHRyYXZlbCUyMHN0cmVldHxlbnwwfDB8fHwxNzcyMTQ1Njg4fDA&ixlib=rb-4.1.0&q=80&w=400,https://unsplash.com/photos/people-walking-on-street-between-high-rise-buildings-during-daytime-fF6YUiV0DDs,Dino Sabic,https://unsplash.com/@greyroseblack
Japan,tokyo japan travel street,h_3XLJGLh7k,https://images.unsplash.com/photo-1736108871763-21ebf998b68e?crop=entropy&cs=tinysrgb&fit=max&fm=jpg&ixid=M3w4ODAxNDl8MHwxfHNlYXJjaHwyM3x8dG9reW8lMjBqYXBhbiUyMHRyYXZlbCUyMHN0cmVldHxlbnwwfDB8fHwxNzcyMTQ1Njg4fDA&ixlib=rb-4.1.0&q=80&w=400,https://unsplash.com/photos/a-city-street-filled-with-lots-of-tall-buildings-h_3XLJGLh7k,Christopher Politano,https://unsplash.com/@poli_graphy
Japan,tokyo japan travel street,Tnkhgq-PAbQ,https://images.unsplash.com/photo-1596828131555-3aac6985b28b?crop=entropy&cs=tinysrgb&fit=max&fm=jpg&ixid=M3w4ODAxNDl8MHwxfHNlYXJjaHwyNHx8dG9reW8lMjBqYXBhbiUyMHRyYXZlbCUyMHN0cmVldHxlbnwwfDB8fHwxNzcyMTQ1Njg4fDA&ixlib=rb-4.1.0&q=80&w=400,https://unsplash.com/photos/white-concrete-building-during-daytime-Tnkhgq-PAbQ,Kvnga,https://unsplash.com/@kvnga
Japan,tokyo japan travel street,ZVth5NPP2MA,https://images.unsplash.com/photo-1768142673697-83bd7610a20f?crop=entropy&cs=tinysrgb&fit=max&fm=jpg&ixid=M3w4ODAxNDl8MHwxfHNlYXJjaHwyNXx8dG9reW8lMjBqYXBhbiUyMHRyYXZlbCUyMHN0cmVldHxlbnwwfDB8fHwxNzcyMTQ1Njg4fDA&ixlib=rb-4.1.0&q=80&w=400,https://unsplash.com/photos/people-walking-down-a-busy-street-at-dusk-ZVth5NPP2MA,ayumi kubo,https://unsplash.com/@ayumikubo
Japan,tokyo japan travel street,vyBUZB2vEno,https://images.unsplash.com/photo-1689604204460-19b5d890bd12?crop=entropy&cs=tinysrgb&fit=max&fm=jpg&ixid=M3w4ODAxNDl8MHwxfHNlYXJjaHwyNnx8dG9reW8lMjBqYXBhbiUyMHRyYXZlbCUyMHN0cmVldHxlbnwwfDB8fHwxNzcyMTQ1Njg4fDA&ixlib=rb-4.1.0&q=80&w=400,https://unsplash.com/photos/a-clock-on-the-side-of-a-building-in-a-city-vyBUZB2vEno,TE LUN OU YANG,https://unsplash.com/@telun_photo
Japan,tokyo japan travel street,7VOqWKsMhsY,https://images.unsplash.com/photo-1598313265995-57c150bf6290?crop=entropy&cs=tinysrgb&fit=max&fm=jpg&ixid=M3w4ODAxNDl8MHwxfHNlYXJjaHwyN3x8dG9reW8lMjBqYXBhbiUyMHRyYXZlbCUyMHN0cmVldHxlbnwwfDB8fHwxNzcyMTQ1Njg4fDA&ixlib=rb-4.1.0&q=80&w=400,https://unsplash.com/photos/people-walking-on-pedestrian-lane-during-daytime-7VOqWKsMhsY,Dino Sabic,https://unsplash.com/@greyroseblack
Japan,tokyo japan travel street,H6HZzsE6SfI,https://images.unsplash.com/photo-1663440235429-de871696f876?crop=entropy&cs=tinysrgb&fit=max&fm=jpg&ixid=M3w4ODAxNDl8MHwxfHNlYXJjaHwyOHx8dG9reW8lMjBqYXBhbiUyMHRyYXZlbCUyMHN0cmVldHxlbnwwfDB8fHwxNzcyMTQ1Njg4fDA&ixlib=rb-4.1.0&q=80&w=400,https://unsplash.com/photos/an-aerial-view-of-a-city-H6HZzsE6SfI,Kenzo Tu,https://unsplash.com/@kenzotu
Japan,tokyo japan travel street,sC0xL3_0g54,https://images.unsplash.com/photo-1598370323924-8d2ec3f31465?crop=entropy&cs=tinysrgb&fit=max&fm=jpg&ixid=M3w4ODAxNDl8MHwxfHNlYXJjaHwyOXx8dG9reW8lMjBqYXBhbiUyMHRyYXZlbCUyMHN0cmVldHxlbnwwfDB8fHwxNzcyMTQ1Njg4fDA&ixlib=rb-4.1.0&q=80&w=400,https://unsplash.com/photos/people-walking-on-sidewalk-near-buildings-during-daytime-sC0xL3_0g54,Dino Sabic,https://unsplash.com/@greyroseblack
Japan,tokyo japan travel street,bhaJJxUIy6Q,https://images.unsplash.com/photo-1752900538817-2a174cfaca79?crop=entropy&cs=tinysrgb&fit=max&fm=jpg&ixid=M3w4ODAxNDl8MHwxfHNlYXJjaHwzMHx8dG9reW8lMjBqYXBhbiUyMHRyYXZlbCUyMHN0cmVldHxlbnwwfDB8fHwxNzcyMTQ1Njg4fDA&ixlib=rb-4.1.0&q=80&w=400,https://unsplash.com/photos/japanese-temple-lit-up-at-night-bhaJJxUIy6Q,PJH,https://unsplash.com/@dokae
Japan,tokyo japan travel street,7VOqWKsMhsY,https://images.unsplash.com/photo-1598313265995-57c150bf6290?crop=entropy&cs=tinysrgb&fit=max&fm=jpg&ixid=M3w4ODAxNDl8MHwxfHNlYXJjaHwzMXx8dG9reW8lMjBqYXBhbiUyMHRyYXZlbCUyMHN0cmVldHxlbnwwfDB8fHwxNzcyMTQ1Njg5fDA&ixlib=rb-4.1.0&q=80&w=400,https://unsplash.com/photos/people-walking-on-pedestrian-lane-during-daytime-7VOqWKsMhsY,Dino Sabic,https://unsplash.com/@greyroseblack
Japan,tokyo japan travel street,Lx_9dZB4-sc,https://images.unsplash.com/photo-1715202145156-ca09159c3183?crop=entropy&cs=tinysrgb&fit=max&fm=jpg&ixid=M3w4ODAxNDl8MHwxfHNlYXJjaHwzMnx8dG9reW8lMjBqYXBhbiUyMHRyYXZlbCUyMHN0cmVldHxlbnwwfDB8fHwxNzcyMTQ1Njg5fDA&ixlib=rb-4.1.0&q=80&w=400,https://unsplash.com/photos/an-aerial-view-of-a-city-with-tall-buildings-Lx_9dZB4-sc,Matt Mutlu,https://unsplash.com/@mattmutluu
Japan,tokyo japan travel street,bhaJJxUIy6Q,https://images.unsplash.com/photo-1752900538817-2a174cfaca79?crop=entropy&cs=tinysrgb&fit=max&fm=jpg&ixid=M3w4ODAxNDl8MHwxfHNlYXJjaHwzM3x8dG9reW8lMjBqYXBhbiUyMHRyYXZlbCUyMHN0cmVldHxlbnwwfDB8fHwxNzcyMTQ1Njg5fDA&ixlib=rb-4.1.0&q=80&w=400,https://unsplash.com/photos/japanese-temple-lit-up-at-night-bhaJJxUIy6Q,PJH,https://unsplash.com/@dokae
Japan,tokyo japan travel street,mJ5FnB1_zSE,https://images.unsplash.com/photo-1715905702694-4ddb2cdd9919?crop=entropy&cs=tinysrgb&fit=max&fm=jpg&ixid=M3w4ODAxNDl8MHwxfHNlYXJjaHwzNHx8dG9reW8lMjBqYXBhbiUyMHRyYXZlbCUyMHN0cmVldHxlbnwwfDB8fHwxNzcyMTQ1Njg5fDA&ixlib=rb-4.1.0&q=80&w=400,https://unsplash.com/photos/a-group-of-people-walking-down-a-street-next-to-tall-buildings-mJ5FnB1_zSE,Alicja Ziajowska,https://unsplash.com/@alicja_photos
Japan,tokyo japan travel street,o3K6o34EnPo,https://images.unsplash.com/photo-1771030668418-390b3edf33e4?crop=entropy&cs=tinysrgb&fit=max&fm=jpg&ixid=M3w4ODAxNDl8MHwxfHNlYXJjaHwzNXx8dG9reW8lMjBqYXBhbiUyMHRyYXZlbCUyMHN0cmVldHxlbnwwfDB8fHwxNzcyMTQ1Njg5fDA&ixlib=rb-4.1.0&q=80&w=400,https://unsplash.com/photos/empty-street-in-a-japanese-city-with-many-signs-o3K6o34EnPo,Peter Thomas,https://unsplash.com/@lifeof_peter_
Japan,tokyo japan travel street,XhnfaRGkvOM,https://images.unsplash.com/photo-1574236079417-5e81e68fe4fd?crop=entropy&cs=tinysrgb&fit=max&fm=jpg&ixid=M3w4ODAxNDl8MHwxfHNlYXJjaHwzNnx8dG9reW8lMjBqYXBhbiUyMHRyYXZlbCUyMHN0cmVldHxlbnwwfDB8fHwxNzcyMTQ1Njg5fDA&ixlib=rb-4.1.0&q=80&w=400,https://unsplash.com/photos/store-facade-XhnfaRGkvOM,Svetlana Gumerova,https://unsplash.com/@bananablackcat
Japan,tokyo japan travel street,2qwCTXn4wtA,https://images.unsplash.com/photo-1601376754000-117ee1af7db2?crop=entropy&cs=tinysrgb&fit=max&fm=jpg&ixid=M3w4ODAxNDl8MHwxfHNlYXJjaHwzN3x8dG9reW8lMjBqYXBhbiUyMHRyYXZlbCUyMHN0cmVldHxlbnwwfDB8fHwxNzcyMTQ1Njg5fDA&ixlib=rb-4.1.0&q=80&w=400,https://unsplash.com/photos/people-walking-on-street-during-daytime-2qwCTXn4wtA,tnkn29,https://unsplash.com/@thanakorn_tantayavaraphan
Japan,tokyo japan travel street,SgbYiN3u5u8,https://images.unsplash.com/photo-1752900538847-ec2a3af2132c?crop=entropy&cs=tinysrgb&fit=max&fm=jpg&ixid=M3w4ODAxNDl8MHwxfHNlYXJjaHwzOHx8dG9reW8lMjBqYXBhbiUyMHRyYXZlbCUyMHN0cmVldHxlbnwwfDB8fHwxNzcyMTQ1Njg5fDA&ixlib=rb-4.1.0&q=80&w=400,https://unsplash.com/photos/lined-lanterns-illuminate-a-temple-at-night-SgbYiN3u5u8,PJH,https://unsplash.com/@dokae
Japan,tokyo japan travel street,8PM7rdWQzbE,https://images.unsplash.com/photo-1740372974230-8426ac943fbb?crop=entropy&cs=tinysrgb&fit=max&fm=jpg&ixid=M3w4ODAxNDl8MHwxfHNlYXJjaHwzOXx8dG9reW8lMjBqYXBhbiUyMHRyYXZlbCUyMHN0cmVldHxlbnwwfDB8fHwxNzcyMTQ1Njg5fDA&ixlib=rb-4.1.0&q=80&w=400,https://unsplash.com/photos/a-city-street-filled-with-lots-of-tall-buildings-8PM7rdWQzbE,Fumiaki Hayashi,https://unsplash.com/@fumirin
Japan,tokyo japan travel street,7KLBtU9zIJM,https://images.unsplash.com/photo-1759802339353-47c1ee3cceac?crop=entropy&cs=tinysrgb&fit=max&fm=jpg&ixid=M3w4ODAxNDl8MHwxfHNlYXJjaHw0MHx8dG9reW8lMjBqYXBhbiUyMHRyYXZlbCUyMHN0cmVldHxlbnwwfDB8fHwxNzcyMTQ1Njg5fDA&ixlib=rb-4.1.0&q=80&w=400,https://unsplash.com/photos/crowded-street-scene-in-a-japanese-city-with-signs-7KLBtU9zIJM,Vini Brasil,https://unsplash.com/@vinib
Italy,italy travel street architecture,TuROP1lErXQ,https://images.unsplash.com/photo-1688707422254-7e654bfcd441?crop=entropy&cs=tinysrgb&fit=max&fm=jpg&ixid=M3w4ODAxNDl8MHwxfHNlYXJjaHwxfHxpdGFseSUyMHRyYXZlbCUyMHN0cmVldCUyMGFyY2hpdGVjdHVyZXxlbnwwfDB8fHwxNzcyMTQ1NjkwfDA&ixlib=rb-4.1.0&q=80&w=400,https://unsplash.com/photos/a-river-running-through-a-city-next-to-tall-buildings-TuROP1lErXQ,Joshi Milestoner,https://unsplash.com/@joshimilestoner
Italy,italy travel street architecture,RdJbmr46UMs,https://images.unsplash.com/photo-1688707278756-068f7f2f5834?crop=entropy&cs=tinysrgb&fit=max&fm=jpg&ixid=M3w4ODAxNDl8MHwxfHNlYXJjaHwyfHxpdGFseSUyMHRyYXZlbCUyMHN0cmVldCUyMGFyY2hpdGVjdHVyZXxlbnwwfDB8fHwxNzcyMTQ1NjkwfDA&ixlib=rb-4.1.0&q=80&w=400,https://unsplash.com/photos/a-yellow-train-traveling-down-a-street-next-to-tall-buildings-RdJbmr46UMs,Joshi Milestoner,https://unsplash.com/@joshimilestoner
Italy,italy travel street architecture,OqS1ktQyAA0,https://images.unsplash.com/photo-1688707321416-06f7870615ed?crop=entropy&cs=tinysrgb&fit=max&fm=jpg&ixid=M3w4ODAxNDl8MHwxfHNlYXJjaHwzfHxpdGFseSUyMHRyYXZlbCUyMHN0cmVldCUyMGFyY2hpdGVjdHVyZXxlbnwwfDB8fHwxNzcyMTQ1NjkwfDA&ixlib=rb-4.1.0&q=80&w=400,https://unsplash.com/photos/a-row-of-cars-parked-on-the-side-of-a-street-OqS1ktQyAA0,Joshi Milestoner,https://unsplash.com/@joshimilestoner
Italy,italy travel street architecture,lhni8O46Y_c,https://images.unsplash.com/photo-1688707449498-09ad7e81aba7?crop=entropy&cs=tinysrgb&fit=max&fm=jpg&ixid=M3w4ODAxNDl8MHwxfHNlYXJjaHw0fHxpdGFseSUyMHRyYXZlbCUyMHN0cmVldCUyMGFyY2hpdGVjdHVyZXxlbnwwfDB8fHwxNzcyMTQ1NjkwfDA&ixlib=rb-4.1.0&q=80&w=400,https://unsplash.com/photos/a-river-running-through-a-city-next-to-tall-buildings-lhni8O46Y_c,Joshi Milestoner,https://unsplash.com/@joshimilestoner
Italy,italy travel street architecture,hBFsZT2mJUc,https://images.unsplash.com/photo-1688707369701-805ce5cb14b4?crop=entropy&cs=tinysrgb&fit=max&fm=jpg&ixid=M3w4ODAxNDl8MHwxfHNlYXJjaHw1fHxpdGFseSUyMHRyYXZlbCUyMHN0cmVldCUyMGFyY2hpdGVjdHVyZXxlbnwwfDB8fHwxNzcyMTQ1NjkwfDA&ixlib=rb-4.1.0&q=80&w=400,https://unsplash.com/photos/a-street-with-a-bunch-of-bikes-parked-on-the-side-of-it-hBFsZT2mJUc,Joshi Milestoner,https://unsplash.com/@joshimilestoner
Italy,italy travel street architecture,F-4GXNJZBjM,https://images.unsplash.com/photo-1688707387287-59f6096b8ce7?crop=entropy&cs=tinysrgb&fit=max&fm=jpg&ixid=M3w4ODAxNDl8MHwxfHNlYXJjaHw2fHxpdGFseSUyMHRyYXZlbCUyMHN0cmVldCUyMGFyY2hpdGVjdHVyZXxlbnwwfDB8fHwxNzcyMTQ1NjkwfDA&ixlib=rb-4.1.0&q=80&w=400,https://unsplash.com/photos/a-river-running-through-a-city-next-to-tall-buildings-F-4GXNJZBjM,Joshi Milestoner,https://unsplash.com/@joshimilestoner
Italy,italy travel street architecture,WSBbNGt2kxc,https://images.unsplash.com/photo-1688707290021-588cac7d4fd5?crop=entropy&cs=tinysrgb&fit=max&fm=jpg&ixid=M3w4ODAxNDl8MHwxfHNlYXJjaHw3fHxpdGFseSUyMHRyYXZlbCUyMHN0cmVldCUyMGFyY2hpdGVjdHVyZXxlbnwwfDB8fHwxNzcyMTQ1NjkwfDA&ixlib=rb-4.1.0&q=80&w=400,https://unsplash.com/photos/a-city-street-with-people-walking-and-sitting-on-benches-WSBbNGt2kxc,Joshi Milestoner,https://unsplash.com/@joshimilestoner
Italy,italy travel street architecture,qjVkFXJj2eo,https://images.unsplash.com/photo-1646129073241-b37f7229b74e?crop=entropy&cs=tinysrgb&fit=max&fm=jpg&ixid=M3w4ODAxNDl8MHwxfHNlYXJjaHw4fHxpdGFseSUyMHRyYXZlbCUyMHN0cmVldCUyMGFyY2hpdGVjdHVyZXxlbnwwfDB8fHwxNzcyMTQ1NjkwfDA&ixlib=rb-4.1.0&q=80&w=400,https://unsplash.com/photos/a-row-of-buildings-on-a-city-street-qjVkFXJj2eo,Dan Rooney,https://unsplash.com/@danliamrooney
Italy,italy travel street architecture,mA0jQzr2T6A,https://images.unsplash.com/photo-1629706168653-e4a9ee9195f3?crop=entropy&cs=tinysrgb&fit=max&fm=jpg&ixid=M3w4ODAxNDl8MHwxfHNlYXJjaHw5fHxpdGFseSUyMHRyYXZlbCUyMHN0cmVldCUyMGFyY2hpdGVjdHVyZXxlbnwwfDB8fHwxNzcyMTQ1NjkwfDA&ixlib=rb-4.1.0&q=80&w=400,https://unsplash.com/photos/brown-concrete-building-under-blue-sky-during-daytime-mA0jQzr2T6A,Diane Picchiottino,https://unsplash.com/@diane_soko
Italy,italy travel street architecture,bjApm35DaM4,https://images.unsplash.com/photo-1688707468282-8be1d119ff80?crop=entropy&cs=tinysrgb&fit=max&fm=jpg&ixid=M3w4ODAxNDl8MHwxfHNlYXJjaHwxMHx8aXRhbHklMjB0cmF2ZWwlMjBzdHJlZXQlMjBhcmNoaXRlY3R1cmV8ZW58MHwwfHx8MTc3MjE0NTY5MHww&ixlib=rb-4.1.0&q=80&w=400,https://unsplash.com/photos/a-yellow-and-blue-trolley-car-on-a-street-bjApm35DaM4,Joshi Milestoner,https://unsplash.com/@joshimilestoner
Italy,italy travel street architecture,zDeYPAMOwvA,https://images.unsplash.com/photo-1688707457825-d7acb8a6d95a?crop=entropy&cs=tinysrgb&fit=max&fm=jpg&ixid=M3w4ODAxNDl8MHwxfHNlYXJjaHwxMXx8aXRhbHklMjB0cmF2ZWwlMjBzdHJlZXQlMjBhcmNoaXRlY3R1cmV8ZW58MHwwfHx8MTc3MjE0NTY5MHww&ixlib=rb-4.1.0&q=80&w=400,https://unsplash.com/photos/a-river-running-through-a-city-next-to-tall-buildings-zDeYPAMOwvA,Joshi Milestoner,https://unsplash.com/@joshimilestoner
Italy,italy travel street architecture,Ymy6D1MZbm0,https://images.unsplash.com/photo-1688707357822-5799a2a2b1e2?crop=entropy&cs=tinysrgb&fit=max&fm=jpg&ixid=M3w4ODAxNDl8MHwxfHNlYXJjaHwxMnx8aXRhbHklMjB0cmF2ZWwlMjBzdHJlZXQlMjBhcmNoaXRlY3R1cmV8ZW58MHwwfHx8MTc3MjE0NTY5MHww&ixlib=rb-4.1.0&q=80&w=400,https://unsplash.com/photos/a-row-of-bikes-parked-on-the-side-of-a-road-Ymy6D1MZbm0,Joshi Milestoner,https://unsplash.com/@joshimilestoner
Italy,italy travel street architecture,n3WgICzO9uU,https://images.unsplash.com/photo-1730438444602-c7d132aded89?crop=entropy&cs=tinysrgb&fit=max&fm=jpg&ixid=M3w4ODAxNDl8MHwxfHNlYXJjaHwxM3x8aXRhbHklMjB0cmF2ZWwlMjBzdHJlZXQlMjBhcmNoaXRlY3R1cmV8ZW58MHwwfHx8MTc3MjE0NTY5MHww&ixlib=rb-4.1.0&q=80&w=400,https://unsplash.com/photos/a-city-street-filled-with-lots-of-traffic-next-to-tall-buildings-n3WgICzO9uU,Joshi Milestoner,https://unsplash.com/@joshimilestoner
Italy,italy travel street architecture,uG69awAYq7Q,https://images.unsplash.com/photo-1730438442102-b259d6be9e8e?crop=entropy&cs=tinysrgb&fit=max&fm=jpg&ixid=M3w4ODAxNDl8MHwxfHNlYXJjaHwxNHx8aXRhbHklMjB0cmF2ZWwlMjBzdHJlZXQlMjBhcmNoaXRlY3R1cmV8ZW58MHwwfHx8MTc3MjE0NTY5MHww&ixlib=rb-4.1.0&q=80&w=400,https://unsplash.com/photos/a-large-cathedral-with-a-clock-on-the-front-of-it-uG69awAYq7Q,Joshi Milestoner,https://unsplash.com/@joshimilestoner
Italy,italy travel street architecture,UwUU77Lk-_c,https://images.unsplash.com/photo-1730438442972-4581d6f24360?crop=entropy&cs=tinysrgb&fit=max&fm=jpg&ixid=M3w4ODAxNDl8MHwxfHNlYXJjaHwxNXx8aXRhbHklMjB0cmF2ZWwlMjBzdHJlZXQlMjBhcmNoaXRlY3R1cmV8ZW58MHwwfHx8MTc3MjE0NTY5MHww&ixlib=rb-4.1.0&q=80&w=400,https://unsplash.com/photos/a-crowd-of-people-walking-down-a-street-next-to-tall-buildings-UwUU77Lk-_c,Joshi Milestoner,https://unsplash.com/@joshimilestoner
Italy,italy travel street architecture,19lhucLi3Ro,https://images.unsplash.com/photo-1712688930249-98e1963af7bd?crop=entropy&cs=tinysrgb&fit=max&fm=jpg&ixid=M3w4ODAxNDl8MHwxfHNlYXJjaHwxNnx8aXRhbHklMjB0cmF2ZWwlMjBzdHJlZXQlMjBhcmNoaXRlY3R1cmV8ZW58MHwwfHx8MTc3MjE0NTY5MHww&ixlib=rb-4.1.0&q=80&w=400,https://unsplash.com/photos/an-empty-street-with-a-building-in-the-background-19lhucLi3Ro,Grigorii Shcheglov,https://unsplash.com/@shegiva
Italy,italy travel street architecture,KgpAbgwsdXg,https://images.unsplash.com/photo-1629559660414-2cc66136bfad?crop=entropy&cs=tinysrgb&fit=max&fm=jpg&ixid=M3w4ODAxNDl8MHwxfHNlYXJjaHwxN3x8aXRhbHklMjB0cmF2ZWwlMjBzdHJlZXQlMjBhcmNoaXRlY3R1cmV8ZW58MHwwfHx8MTc3MjE0NTY5MHww&ixlib=rb-4.1.0&q=80&w=400,https://unsplash.com/photos/empty-street-between-concrete-buildings-during-daytime-KgpAbgwsdXg,Diane Picchiottino,https://unsplash.com/@diane_soko
Italy,italy travel street architecture,WZByI3USXTc,https://images.unsplash.com/photo-1629559660958-d0200a16d214?crop=entropy&cs=tinysrgb&fit=max&fm=jpg&ixid=M3w4ODAxNDl8MHwxfHNlYXJjaHwxOHx8aXRhbHklMjB0cmF2ZWwlMjBzdHJlZXQlMjBhcmNoaXRlY3R1cmV8ZW58MHwwfHx8MTc3MjE0NTY5MHww&ixlib=rb-4.1.0&q=80&w=400,https://unsplash.com/photos/brown-and-white-concrete-building-during-daytime-WZByI3USXTc,Diane Picchiottino,https://unsplash.com/@diane_soko
Italy,italy travel street architecture,Qt3wvR-j3IY,https://images.unsplash.com/photo-1629559659806-7c7c4b4d1cd6?crop=entropy&cs=tinysrgb&fit=max&fm=jpg&ixid=M3w4ODAxNDl8MHwxfHNlYXJjaHwxOXx8aXRhbHklMjB0cmF2ZWwlMjBzdHJlZXQlMjBhcmNoaXRlY3R1cmV8ZW58MHwwfHx8MTc3MjE0NTY5MHww&ixlib=rb-4.1.0&q=80&w=400,https://unsplash.com/photos/black-and-brown-street-light-Qt3wvR-j3IY,Diane Picchiottino,https://unsplash.com/@diane_soko
Italy,italy travel street architecture,z2JoJQzlcVs,https://images.unsplash.com/photo-1629559660818-3228bcbe05a4?crop=entropy&cs=tinysrgb&fit=max&fm=jpg&ixid=M3w4ODAxNDl8MHwxfHNlYXJjaHwyMHx8aXRhbHklMjB0cmF2ZWwlMjBzdHJlZXQlMjBhcmNoaXRlY3R1cmV8ZW58MHwwfHx8MTc3MjE0NTY5MHww&ixlib=rb-4.1.0&q=80&w=400,https://unsplash.com/photos/brown-concrete-building-during-daytime-z2JoJQzlcVs,Diane Picchiottino,https://unsplash.com/@diane_soko
Italy,italy travel street architecture,zIw1hvzErus,https://images.unsplash.com/photo-1621603414814-0c758ac1f95a?crop=entropy&cs=tinysrgb&fit=max&fm=jpg&ixid=M3w4ODAxNDl8MHwxfHNlYXJjaHwyMXx8aXRhbHklMjB0cmF2ZWwlMjBzdHJlZXQlMjBhcmNoaXRlY3R1cmV8ZW58MHwwfHx8MTc3MjE0NTY5MHww&ixlib=rb-4.1.0&q=80&w=400,https://unsplash.com/photos/white-and-brown-concrete-building-near-body-of-water-during-daytime-zIw1hvzErus,Belinda Fewings,https://unsplash.com/@bel2000a
Italy,italy travel street architecture,aoKahjLaSpc,https://images.unsplash.com/photo-1629706169487-9ea82179d199?crop=entropy&cs=tinysrgb&fit=max&fm=jpg&ixid=M3w4ODAxNDl8MHwxfHNlYXJjaHwyMnx8aXRhbHklMjB0cmF2ZWwlMjBzdHJlZXQlMjBhcmNoaXRlY3R1cmV8ZW58MHwwfHx8MTc3MjE0NTY5MHww&ixlib=rb-4.1.0&q=80&w=400,https://unsplash.com/photos/man-in-black-suit-sitting-on-chair-aoKahjLaSpc,Diane Picchiottino,https://unsplash.com/@diane_soko
Italy,italy travel street architecture,hceiTDD_HZM,https://images.unsplash.com/photo-1629706169657-f48609afd6d0?crop=entropy&cs=tinysrgb&fit=max&fm=jpg&ixid=M3w4ODAxNDl8MHwxfHNlYXJjaHwyM3x8aXRhbHklMjB0cmF2ZWwlMjBzdHJlZXQlMjBhcmNoaXRlY3R1cmV8ZW58MHwwfHx8MTc3MjE0NTY5MHww&ixlib=rb-4.1.0&q=80&w=400,https://unsplash.com/photos/man-in-black-coat-standing-in-front-of-the-church-hceiTDD_HZM,Diane Picchiottino,https://unsplash.com/@diane_soko
Italy,italy travel street architecture,IxY9rKPak-A,https://images.unsplash.com/photo-1629559661049-5f6401ba0bc8?crop=entropy&cs=tinysrgb&fit=max&fm=jpg&ixid=M3w4ODAxNDl8MHwxfHNlYXJjaHwyNHx8aXRhbHklMjB0cmF2ZWwlMjBzdHJlZXQlMjBhcmNoaXRlY3R1cmV8ZW58MHwwfHx8MTc3MjE0NTY5MHww&ixlib=rb-4.1.0&q=80&w=400,https://unsplash.com/photos/beige-concrete-building-during-daytime-IxY9rKPak-A,Diane Picchiottino,https://unsplash.com/@diane_soko
Italy,italy travel street architecture,R0hFlbEeXz4,https://images.unsplash.com/photo-1629706168806-988b9acf9947?crop=entropy&cs=tinysrgb&fit=max&fm=jpg&ixid=M3w4ODAxNDl8MHwxfHNlYXJjaHwyNXx8aXRhbHklMjB0cmF2ZWwlMjBzdHJlZXQlMjBhcmNoaXRlY3R1cmV8ZW58MHwwfHx8MTc3MjE0NTY5MHww&ixlib=rb-4.1.0&q=80&w=400,https://unsplash.com/photos/people-riding-horses-statue-during-daytime-R0hFlbEeXz4,Diane Picchiottino,https://unsplash.com/@diane_soko
Italy,italy travel street architecture,MYnGz337lB0,https://images.unsplash.com/photo-1629706169621-4242270bd4cc?crop=entropy&cs=tinysrgb&fit=max&fm=jpg&ixid=M3w4ODAxNDl8MHwxfHNlYXJjaHwyNnx8aXRhbHklMjB0cmF2ZWwlMjBzdHJlZXQlMjBhcmNoaXRlY3R1cmV8ZW58MHwwfHx8MTc3MjE0NTY5MHww&ixlib=rb-4.1.0&q=80&w=400,https://unsplash.com/photos/man-in-white-dress-statue-MYnGz337lB0,Diane Picchiottino,https://unsplash.com/@diane_soko
Italy,italy travel street architecture,ahzpHgSPjvs,https://images.unsplash.com/photo-1629706169330-2ff6258203dd?crop=entropy&cs=tinysrgb&fit=max&fm=jpg&ixid=M3w4ODAxNDl8MHwxfHNlYXJjaHwyN3x8aXRhbHklMjB0cmF2ZWwlMjBzdHJlZXQlMjBhcmNoaXRlY3R1cmV8ZW58MHwwfHx8MTc3MjE0NTY5MHww&ixlib=rb-4.1.0&q=80&w=400,https://unsplash.com/photos/gold-statue-of-a-man-ahzpHgSPjvs,Diane Picchiottino,https://unsplash.com/@diane_soko
Italy,italy travel street architecture,YiaMAcCc8n4,https://images.unsplash.com/photo-1629706169254-6ee59c8fbedd?crop=entropy&cs=tinysrgb&fit=max&fm=jpg&ixid=M3w4ODAxNDl8MHwxfHNlYXJjaHwyOHx8aXRhbHklMjB0cmF2ZWwlMjBzdHJlZXQlMjBhcmNoaXRlY3R1cmV8ZW58MHwwfHx8MTc3MjE0NTY5MHww&ixlib=rb-4.1.0&q=80&w=400,https://unsplash.com/photos/black-and-brown-wooden-frame-YiaMAcCc8n4,Diane Picchiottino,https://unsplash.com/@diane_soko
Italy,italy travel street architecture,mbxgLkLIGb8,https://images.unsplash.com/photo-1629559661066-90f858247aca?crop=entropy&cs=tinysrgb&fit=max&fm=jpg&ixid=M3w4ODAxNDl8MHwxfHNlYXJjaHwyOXx8aXRhbHklMjB0cmF2ZWwlMjBzdHJlZXQlMjBhcmNoaXRlY3R1cmV8ZW58MHwwfHx8MTc3MjE0NTY5MHww&ixlib=rb-4.1.0&q=80&w=400,https://unsplash.com/photos/brown-and-white-concrete-building-mbxgLkLIGb8,Diane Picchiottino,https://unsplash.com/@diane_soko
Italy,italy travel street architecture,uW7a0Jv_gog,https://images.unsplash.com/photo-1629706168955-0618700a7732?crop=entropy&cs=tinysrgb&fit=max&fm=jpg&ixid=M3w4ODAxNDl8MHwxfHNlYXJjaHwzMHx8aXRhbHklMjB0cmF2ZWwlMjBzdHJlZXQlMjBhcmNoaXRlY3R1cmV8ZW58MHwwfHx8MTc3MjE0NTY5MHww&ixlib=rb-4.1.0&q=80&w=400,https://unsplash.com/photos/people-walking-on-park-during-daytime-uW7a0Jv_gog,Diane Picchiottino,https://unsplash.com/@diane_soko
Italy,italy travel street architecture,N9vMPfq6Bok,https://images.unsplash.com/photo-1475773171730-c306b9f81d65?crop=entropy&cs=tinysrgb&fit=max&fm=jpg&ixid=M3w4ODAxNDl8MHwxfHNlYXJjaHwzMXx8aXRhbHklMjB0cmF2ZWwlMjBzdHJlZXQlMjBhcmNoaXRlY3R1cmV8ZW58MHwwfHx8MTc3MjE0NTY5Mnww&ixlib=rb-4.1.0&q=80&w=400,https://unsplash.com/photos/pathway-in-between-of-bricked-wall-and-houses-N9vMPfq6Bok,Alisa Anton,https://unsplash.com/@alisaanton
Italy,italy travel street architecture,3XfmYpH0_bQ,https://images.unsplash.com/photo-1629706169085-db8bf9a7068d?crop=entropy&cs=tinysrgb&fit=max&fm=jpg&ixid=M3w4ODAxNDl8MHwxfHNlYXJjaHwzMnx8aXRhbHklMjB0cmF2ZWwlMjBzdHJlZXQlMjBhcmNoaXRlY3R1cmV8ZW58MHwwfHx8MTc3MjE0NTY5Mnww&ixlib=rb-4.1.0&q=80&w=400,https://unsplash.com/photos/people-walking-on-gray-concrete-arch-during-daytime-3XfmYpH0_bQ,Diane Picchiottino,https://unsplash.com/@diane_soko
Italy,italy travel street architecture,CCFng1boGOU,https://images.unsplash.com/photo-1613855162807-7280f5dbbd11?crop=entropy&cs=tinysrgb&fit=max&fm=jpg&ixid=M3w4ODAxNDl8MHwxfHNlYXJjaHwzM3x8aXRhbHklMjB0cmF2ZWwlMjBzdHJlZXQlMjBhcmNoaXRlY3R1cmV8ZW58MHwwfHx8MTc3MjE0NTY5Mnww&ixlib=rb-4.1.0&q=80&w=400,https://unsplash.com/photos/brown-concrete-building-during-daytime-CCFng1boGOU,Phan Bach,https://unsplash.com/@phanhuybach1992
Italy,italy travel street architecture,zkazu0_4clI,https://images.unsplash.com/photo-1679179996204-2592a76fde01?crop=entropy&cs=tinysrgb&fit=max&fm=jpg&ixid=M3w4ODAxNDl8MHwxfHNlYXJjaHwzNHx8aXRhbHklMjB0cmF2ZWwlMjBzdHJlZXQlMjBhcmNoaXRlY3R1cmV8ZW58MHwwfHx8MTc3MjE0NTY5Mnww&ixlib=rb-4.1.0&q=80&w=400,https://unsplash.com/photos/a-couple-of-people-that-are-walking-down-a-street-zkazu0_4clI,Milos Lopusina,https://unsplash.com/@miloslopusina
Italy,italy travel street architecture,IpmFVXls4sE,https://images.unsplash.com/photo-1654874324486-4acfae9228e4?crop=entropy&cs=tinysrgb&fit=max&fm=jpg&ixid=M3w4ODAxNDl8MHwxfHNlYXJjaHwzNXx8aXRhbHklMjB0cmF2ZWwlMjBzdHJlZXQlMjBhcmNoaXRlY3R1cmV8ZW58MHwwfHx8MTc3MjE0NTY5Mnww&ixlib=rb-4.1.0&q=80&w=400,https://unsplash.com/photos/pantheon-rome-with-columns-IpmFVXls4sE,Harold Wainwright,https://unsplash.com/@haroldwainwright
Italy,italy travel street architecture,RtJnsVyaTXY,https://images.unsplash.com/photo-1730438443885-ffaace27fb38?crop=entropy&cs=tinysrgb&fit=max&fm=jpg&ixid=M3w4ODAxNDl8MHwxfHNlYXJjaHwzNnx8aXRhbHklMjB0cmF2ZWwlMjBzdHJlZXQlMjBhcmNoaXRlY3R1cmV8ZW58MHwwfHx8MTc3MjE0NTY5Mnww&ixlib=rb-4.1.0&q=80&w=400,https://unsplash.com/photos/a-cable-car-on-a-city-street-with-a-building-in-the-background-RtJnsVyaTXY,Joshi Milestoner,https://unsplash.com/@joshimilestoner
Italy,italy travel street architecture,n3WgICzO9uU,https://images.unsplash.com/photo-1730438444602-c7d132aded89?crop=entropy&cs=tinysrgb&fit=max&fm=jpg&ixid=M3w4ODAxNDl8MHwxfHNlYXJjaHwzN3x8aXRhbHklMjB0cmF2ZWwlMjBzdHJlZXQlMjBhcmNoaXRlY3R1cmV8ZW58MHwwfHx8MTc3MjE0NTY5Mnww&ixlib=rb-4.1.0&q=80&w=400,https://unsplash.com/photos/a-city-street-filled-with-lots-of-traffic-next-to-tall-buildings-n3WgICzO9uU,Joshi Milestoner,https://unsplash.com/@joshimilestoner
Italy,italy travel street architecture,CDwCqgoPCgY,https://images.unsplash.com/photo-1730438444126-1184ec16767d?crop=entropy&cs=tinysrgb&fit=max&fm=jpg&ixid=M3w4ODAxNDl8MHwxfHNlYXJjaHwzOHx8aXRhbHklMjB0cmF2ZWwlMjBzdHJlZXQlMjBhcmNoaXRlY3R1cmV8ZW58MHwwfHx8MTc3MjE0NTY5Mnww&ixlib=rb-4.1.0&q=80&w=400,https://unsplash.com/photos/a-yellow-and-white-trolley-on-a-city-street-CDwCqgoPCgY,Joshi Milestoner,https://unsplash.com/@joshimilestoner
Italy,italy travel street architecture,yFVFjzHzLEw,https://images.unsplash.com/photo-1730438442698-d39750e23fa8?crop=entropy&cs=tinysrgb&fit=max&fm=jpg&ixid=M3w4ODAxNDl8MHwxfHNlYXJjaHwzOXx8aXRhbHklMjB0cmF2ZWwlMjBzdHJlZXQlMjBhcmNoaXRlY3R1cmV8ZW58MHwwfHx8MTc3MjE0NTY5Mnww&ixlib=rb-4.1.0&q=80&w=400,https://unsplash.com/photos/a-man-with-a-bird-on-his-arm-in-the-middle-of-a-crowd-of-people-yFVFjzHzLEw,Joshi Milestoner,https://unsplash.com/@joshimilestoner
Italy,italy travel street architecture,EnWLX3rAdZ8,https://images.unsplash.com/photo-1730438444625-0c01480708b5?crop=entropy&cs=tinysrgb&fit=max&fm=jpg&ixid=M3w4ODAxNDl8MHwxfHNlYXJjaHw0MHx8aXRhbHklMjB0cmF2ZWwlMjBzdHJlZXQlMjBhcmNoaXRlY3R1cmV8ZW58MHwwfHx8MTc3MjE0NTY5Mnww&ixlib=rb-4.1.0&q=80&w=400,https://unsplash.com/photos/a-small-green-truck-parked-on-the-side-of-a-street-EnWLX3rAdZ8,Joshi Milestoner,https://unsplash.com/@joshimilestoner
Greece,greece santorini travel,9SBpT7gqgV4,https://images.unsplash.com/photo-1689347510152-27f43ff7bfdf?crop=entropy&cs=tinysrgb&fit=max&fm=jpg&ixid=M3w4ODAxNDl8MHwxfHNlYXJjaHwxfHxncmVlY2UlMjBzYW50b3JpbmklMjB0cmF2ZWx8ZW58MHwwfHx8MTc3MjE0NTY5M3ww&ixlib=rb-4.1.0&q=80&w=400,https://unsplash.com/photos/a-scenic-view-of-a-village-on-the-edge-of-a-cliff-9SBpT7gqgV4,Mayar Zidan,https://unsplash.com/@mayarzidan
Greece,greece santorini travel,G2VQGLKyjoo,https://images.unsplash.com/photo-1656677476420-7159cac2366a?crop=entropy&cs=tinysrgb&fit=max&fm=jpg&ixid=M3w4ODAxNDl8MHwxfHNlYXJjaHwyfHxncmVlY2UlMjBzYW50b3JpbmklMjB0cmF2ZWx8ZW58MHwwfHx8MTc3MjE0NTY5M3ww&ixlib=rb-4.1.0&q=80&w=400,https://unsplash.com/photos/a-city-next-to-a-body-of-water-G2VQGLKyjoo,TopSphere Media,https://unsplash.com/@zvessels55
Greece,greece santorini travel,FgW0V9bZZlc,https://images.unsplash.com/photo-1506242592132-b7476b527d50?crop=entropy&cs=tinysrgb&fit=max&fm=jpg&ixid=M3w4ODAxNDl8MHwxfHNlYXJjaHwzfHxncmVlY2UlMjBzYW50b3JpbmklMjB0cmF2ZWx8ZW58MHwwfHx8MTc3MjE0NTY5M3ww&ixlib=rb-4.1.0&q=80&w=400,https://unsplash.com/photos/blue-dome-santorini-greece-FgW0V9bZZlc,scott dukette,https://unsplash.com/@dukettes
Greece,greece santorini travel,KTwhQQf1yus,https://images.unsplash.com/photo-1506877339221-ede41280a7a2?crop=entropy&cs=tinysrgb&fit=max&fm=jpg&ixid=M3w4ODAxNDl8MHwxfHNlYXJjaHw0fHxncmVlY2UlMjBzYW50b3JpbmklMjB0cmF2ZWx8ZW58MHwwfHx8MTc3MjE0NTY5M3ww&ixlib=rb-4.1.0&q=80&w=400,https://unsplash.com/photos/flag-of-greece-waving-at-pole-at-santorino-greece-KTwhQQf1yus,Matt Artz,https://unsplash.com/@mattartz
Greece,greece santorini travel,0FIKyP5Sd70,https://images.unsplash.com/photo-1624524600494-ef57ac0cd53c?crop=entropy&cs=tinysrgb&fit=max&fm=jpg&ixid=M3w4ODAxNDl8MHwxfHNlYXJjaHw1fHxncmVlY2UlMjBzYW50b3JpbmklMjB0cmF2ZWx8ZW58MHwwfHx8MTc3MjE0NTY5M3ww&ixlib=rb-4.1.0&q=80&w=400,https://unsplash.com/photos/woman-wearing-black-sunglasses-during-daytime-0FIKyP5Sd70,Tetiana GRY,https://unsplash.com/@tetiana_gry
Greece,greece santorini travel,DvDnHdWSo-k,https://images.unsplash.com/photo-1612277288801-0d783ca59c42?crop=entropy&cs=tinysrgb&fit=max&fm=jpg&ixid=M3w4ODAxNDl8MHwxfHNlYXJjaHw2fHxncmVlY2UlMjBzYW50b3JpbmklMjB0cmF2ZWx8ZW58MHwwfHx8MTc3MjE0NTY5M3ww&ixlib=rb-4.1.0&q=80&w=400,https://unsplash.com/photos/white-concrete-building-near-body-of-water-during-daytime-DvDnHdWSo-k,Tânia Mousinho,https://unsplash.com/@shotsbytania
Greece,greece santorini travel,SZUic6cYm1o,https://images.unsplash.com/photo-1693775253063-bedfed538342?crop=entropy&cs=tinysrgb&fit=max&fm=jpg&ixid=M3w4ODAxNDl8MHwxfHNlYXJjaHw3fHxncmVlY2UlMjBzYW50b3JpbmklMjB0cmF2ZWx8ZW58MHwwfHx8MTc3MjE0NTY5M3ww&ixlib=rb-4.1.0&q=80&w=400,https://unsplash.com/photos/a-view-of-a-cloudy-sky-over-a-city-SZUic6cYm1o,Michael Mitrakos,https://unsplash.com/@mitrakos
Greece,greece santorini travel,BkRyuVMriHM,https://images.unsplash.com/photo-1518439432480-f90c1e3a75fe?crop=entropy&cs=tinysrgb&fit=max&fm=jpg&ixid=M3w4ODAxNDl8MHwxfHNlYXJjaHw4fHxncmVlY2UlMjBzYW50b3JpbmklMjB0cmF2ZWx8ZW58MHwwfHx8MTc3MjE0NTY5M3ww&ixlib=rb-4.1.0&q=80&w=400,https://unsplash.com/photos/santorini-greece-BkRyuVMriHM,Martin Zangerl,https://unsplash.com/@zmart
Greece,greece santorini travel,H0Av2CN3jHY,https://images.unsplash.com/photo-1738146635238-ca9087d3d072?crop=entropy&cs=tinysrgb&fit=max&fm=jpg&ixid=M3w4ODAxNDl8MHwxfHNlYXJjaHw5fHxncmVlY2UlMjBzYW50b3JpbmklMjB0cmF2ZWx8ZW58MHwwfHx8MTc3MjE0NTY5M3ww&ixlib=rb-4.1.0&q=80&w=400,https://unsplash.com/photos/a-panoramic-view-of-a-town-and-the-ocean-H0Av2CN3jHY,Chiheb Ak,https://unsplash.com/@thesphinx
Greece,greece santorini travel,UVmmnuWIU3Y,https://images.unsplash.com/photo-1561499534-6266affc5614?crop=entropy&cs=tinysrgb&fit=max&fm=jpg&ixid=M3w4ODAxNDl8MHwxfHNlYXJjaHwxMHx8Z3JlZWNlJTIwc2FudG9yaW5pJTIwdHJhdmVsfGVufDB8MHx8fDE3NzIxNDU2OTN8MA&ixlib=rb-4.1.0&q=80&w=400,https://unsplash.com/photos/white-catamaran-sailboat-out-at-sea-UVmmnuWIU3Y,Febiyan,https://unsplash.com/@febiyanr
Greece,greece santorini travel,2qU_rdsRvm0,https://images.unsplash.com/photo-1663431262877-bc502c646a10?crop=entropy&cs=tinysrgb&fit=max&fm=jpg&ixid=M3w4ODAxNDl8MHwxfHNlYXJjaHwxMXx8Z3JlZWNlJTIwc2FudG9yaW5pJTIwdHJhdmVsfGVufDB8MHx8fDE3NzIxNDU2OTN8MA&ixlib=rb-4.1.0&q=80&w=400,https://unsplash.com/photos/a-white-building-with-a-cross-on-top-and-a-boat-in-the-water-2qU_rdsRvm0,José Pablo Domínguez,https://unsplash.com/@jdomito
Greece,greece santorini travel,fUvziNhy2ho,https://images.unsplash.com/photo-1622778859697-e9eec6e1743e?crop=entropy&cs=tinysrgb&fit=max&fm=jpg&ixid=M3w4ODAxNDl8MHwxfHNlYXJjaHwxMnx8Z3JlZWNlJTIwc2FudG9yaW5pJTIwdHJhdmVsfGVufDB8MHx8fDE3NzIxNDU2OTN8MA&ixlib=rb-4.1.0&q=80&w=400,https://unsplash.com/photos/white-concrete-building-on-top-of-mountain-near-body-of-water-during-daytime-fUvziNhy2ho,Joe Pohle,https://unsplash.com/@joepohle
Greece,greece santorini travel,bd4AbwxDwB0,https://images.unsplash.com/photo-1738069138465-2bbfc821ceab?crop=entropy&cs=tinysrgb&fit=max&fm=jpg&ixid=M3w4ODAxNDl8MHwxfHNlYXJjaHwxM3x8Z3JlZWNlJTIwc2FudG9yaW5pJTIwdHJhdmVsfGVufDB8MHx8fDE3NzIxNDU2OTN8MA&ixlib=rb-4.1.0&q=80&w=400,https://unsplash.com/photos/a-white-church-with-bells-on-the-top-of-it-bd4AbwxDwB0,Derek Nielsen,https://unsplash.com/@dereknielsen
Greece,greece santorini travel,46X4q74UbI4,https://images.unsplash.com/photo-1738069138588-6e6d67a5c697?crop=entropy&cs=tinysrgb&fit=max&fm=jpg&ixid=M3w4ODAxNDl8MHwxfHNlYXJjaHwxNHx8Z3JlZWNlJTIwc2FudG9yaW5pJTIwdHJhdmVsfGVufDB8MHx8fDE3NzIxNDU2OTN8MA&ixlib=rb-4.1.0&q=80&w=400,https://unsplash.com/photos/a-view-of-a-blue-and-white-church-in-the-middle-of-the-ocean-46X4q74UbI4,Derek Nielsen,https://unsplash.com/@dereknielsen
Greece,greece santorini travel,0f4DPxOszCo,https://images.unsplash.com/photo-1738068991907-99ecfe2b318f?crop=entropy&cs=tinysrgb&fit=max&fm=jpg&ixid=M3w4ODAxNDl8MHwxfHNlYXJjaHwxNXx8Z3JlZWNlJTIwc2FudG9yaW5pJTIwdHJhdmVsfGVufDB8MHx8fDE3NzIxNDU2OTN8MA&ixlib=rb-4.1.0&q=80&w=400,https://unsplash.com/photos/a-view-of-a-village-on-the-edge-of-a-cliff-0f4DPxOszCo,Derek Nielsen,https://unsplash.com/@dereknielsen
Greece,greece santorini travel,ipN3DLElyEI,https://images.unsplash.com/photo-1738068991910-6c5c0d8573e7?crop=entropy&cs=tinysrgb&fit=max&fm=jpg&ixid=M3w4ODAxNDl8MHwxfHNlYXJjaHwxNnx8Z3JlZWNlJTIwc2FudG9yaW5pJTIwdHJhdmVsfGVufDB8MHx8fDE3NzIxNDU2OTN8MA&ixlib=rb-4.1.0&q=80&w=400,https://unsplash.com/photos/a-view-of-a-blue-and-white-building-and-the-ocean-ipN3DLElyEI,Derek Nielsen,https://unsplash.com/@dereknielsen
Greece,greece santorini travel,52h5fx48Egg,https://images.unsplash.com/photo-1738069138606-151b00e631e0?crop=entropy&cs=tinysrgb&fit=max&fm=jpg&ixid=M3w4ODAxNDl8MHwxfHNlYXJjaHwxN3x8Z3JlZWNlJTIwc2FudG9yaW5pJTIwdHJhdmVsfGVufDB8MHx8fDE3NzIxNDU2OTN8MA&ixlib=rb-4.1.0&q=80&w=400,https://unsplash.com/photos/a-scenic-view-of-a-village-on-the-edge-of-a-cliff-52h5fx48Egg,Derek Nielsen,https://unsplash.com/@dereknielsen
Greece,greece santorini travel,S_FOPyula08,https://images.unsplash.com/photo-1738069138468-bab8924cbf0a?crop=entropy&cs=tinysrgb&fit=max&fm=jpg&ixid=M3w4ODAxNDl8MHwxfHNlYXJjaHwxOHx8Z3JlZWNlJTIwc2FudG9yaW5pJTIwdHJhdmVsfGVufDB8MHx8fDE3NzIxNDU2OTN8MA&ixlib=rb-4.1.0&q=80&w=400,https://unsplash.com/photos/a-view-of-the-ocean-from-the-top-of-a-building-S_FOPyula08,Derek Nielsen,https://unsplash.com/@dereknielsen
Greece,greece santorini travel,IUmum2v9-WM,https://images.unsplash.com/photo-1738068992016-d765f7cfb8c3?crop=entropy&cs=tinysrgb&fit=max&fm=jpg&ixid=M3w4ODAxNDl8MHwxfHNlYXJjaHwxOXx8Z3JlZWNlJTIwc2FudG9yaW5pJTIwdHJhdmVsfGVufDB8MHx8fDE3NzIxNDU2OTN8MA&ixlib=rb-4.1.0&q=80&w=400,https://unsplash.com/photos/a-bunch-of-squid-hanging-out-to-dry-in-the-water-IUmum2v9-WM,Derek Nielsen,https://unsplash.com/@dereknielsen
Greece,greece santorini travel,6JeBOa2D8Pw,https://images.unsplash.com/photo-1605744190661-8d901163075d?crop=entropy&cs=tinysrgb&fit=max&fm=jpg&ixid=M3w4ODAxNDl8MHwxfHNlYXJjaHwyMHx8Z3JlZWNlJTIwc2FudG9yaW5pJTIwdHJhdmVsfGVufDB8MHx8fDE3NzIxNDU2OTN8MA&ixlib=rb-4.1.0&q=80&w=400,https://unsplash.com/photos/aerial-view-of-city-buildings-during-daytime-6JeBOa2D8Pw,John McArthur,https://unsplash.com/@snowjam
Greece,greece santorini travel,gQyIEztuBGw,https://images.unsplash.com/photo-1565532620684-1e3a760a8085?crop=entropy&cs=tinysrgb&fit=max&fm=jpg&ixid=M3w4ODAxNDl8MHwxfHNlYXJjaHwyMXx8Z3JlZWNlJTIwc2FudG9yaW5pJTIwdHJhdmVsfGVufDB8MHx8fDE3NzIxNDU2OTN8MA&ixlib=rb-4.1.0&q=80&w=400,https://unsplash.com/photos/calm-water-gQyIEztuBGw,Anna Sullivan,https://unsplash.com/@aesullivan2010
Greece,greece santorini travel,oUnRNaUR6gA,https://images.unsplash.com/photo-1738068991917-56b839b2c352?crop=entropy&cs=tinysrgb&fit=max&fm=jpg&ixid=M3w4ODAxNDl8MHwxfHNlYXJjaHwyMnx8Z3JlZWNlJTIwc2FudG9yaW5pJTIwdHJhdmVsfGVufDB8MHx8fDE3NzIxNDU2OTN8MA&ixlib=rb-4.1.0&q=80&w=400,https://unsplash.com/photos/a-boat-floating-in-a-body-of-water-next-to-a-mountain-oUnRNaUR6gA,Derek Nielsen,https://unsplash.com/@dereknielsen
Greece,greece santorini travel,blcN2U9d6rY,https://images.unsplash.com/photo-1637170506733-8ffabd6ff288?crop=entropy&cs=tinysrgb&fit=max&fm=jpg&ixid=M3w4ODAxNDl8MHwxfHNlYXJjaHwyM3x8Z3JlZWNlJTIwc2FudG9yaW5pJTIwdHJhdmVsfGVufDB8MHx8fDE3NzIxNDU2OTN8MA&ixlib=rb-4.1.0&q=80&w=400,https://unsplash.com/photos/a-donkey-with-a-load-on-its-back-blcN2U9d6rY,Melina Kiefer,https://unsplash.com/@melimascella_
Greece,greece santorini travel,CpC7lBcxzjM,https://images.unsplash.com/photo-1476206385935-57c72c4b89e0?crop=entropy&cs=tinysrgb&fit=max&fm=jpg&ixid=M3w4ODAxNDl8MHwxfHNlYXJjaHwyNHx8Z3JlZWNlJTIwc2FudG9yaW5pJTIwdHJhdmVsfGVufDB8MHx8fDE3NzIxNDU2OTN8MA&ixlib=rb-4.1.0&q=80&w=400,https://unsplash.com/photos/santorrini-greece-at-daytime-CpC7lBcxzjM,Chris Lawton,https://unsplash.com/@chrislawton
Greece,greece santorini travel,XKArpKD5lvg,https://images.unsplash.com/photo-1533104349421-c5f672157714?crop=entropy&cs=tinysrgb&fit=max&fm=jpg&ixid=M3w4ODAxNDl8MHwxfHNlYXJjaHwyNXx8Z3JlZWNlJTIwc2FudG9yaW5pJTIwdHJhdmVsfGVufDB8MHx8fDE3NzIxNDU2OTN8MA&ixlib=rb-4.1.0&q=80&w=400,https://unsplash.com/photos/low-angle-photography-of-church-XKArpKD5lvg,Ryan Spencer,https://unsplash.com/@zombience
Greece,greece santorini travel,SEChD9jGA1g,https://images.unsplash.com/photo-1626176297172-67b0330d7b97?crop=entropy&cs=tinysrgb&fit=max&fm=jpg&ixid=M3w4ODAxNDl8MHwxfHNlYXJjaHwyNnx8Z3JlZWNlJTIwc2FudG9yaW5pJTIwdHJhdmVsfGVufDB8MHx8fDE3NzIxNDU2OTN8MA&ixlib=rb-4.1.0&q=80&w=400,https://unsplash.com/photos/woman-in-pink-dress-and-white-hat-standing-on-white-concrete-surface-during-daytime-SEChD9jGA1g,Alexandra Tran,https://unsplash.com/@alexgoesglobal
Greece,greece santorini travel,SegXLivknCI,https://images.unsplash.com/photo-1665513845285-4aca4789b50e?crop=entropy&cs=tinysrgb&fit=max&fm=jpg&ixid=M3w4ODAxNDl8MHwxfHNlYXJjaHwyN3x8Z3JlZWNlJTIwc2FudG9yaW5pJTIwdHJhdmVsfGVufDB8MHx8fDE3NzIxNDU2OTN8MA&ixlib=rb-4.1.0&q=80&w=400,https://unsplash.com/photos/a-white-building-on-a-cliff-above-the-ocean-SegXLivknCI,Anne Christner,https://unsplash.com/@anne444
Greece,greece santorini travel,AZdLN3ymP0s,https://images.unsplash.com/photo-1637170541484-d560fe077033?crop=entropy&cs=tinysrgb&fit=max&fm=jpg&ixid=M3w4ODAxNDl8MHwxfHNlYXJjaHwyOHx8Z3JlZWNlJTIwc2FudG9yaW5pJTIwdHJhdmVsfGVufDB8MHx8fDE3NzIxNDU2OTN8MA&ixlib=rb-4.1.0&q=80&w=400,https://unsplash.com/photos/the-sun-is-setting-over-a-white-village-AZdLN3ymP0s,Melina Kiefer,https://unsplash.com/@melimascella_
Greece,greece santorini travel,Sz0Fvvp34_w,https://images.unsplash.com/photo-1565532546764-8be17a9c7edb?crop=entropy&cs=tinysrgb&fit=max&fm=jpg&ixid=M3w4ODAxNDl8MHwxfHNlYXJjaHwyOXx8Z3JlZWNlJTIwc2FudG9yaW5pJTIwdHJhdmVsfGVufDB8MHx8fDE3NzIxNDU2OTN8MA&ixlib=rb-4.1.0&q=80&w=400,https://unsplash.com/photos/aerial-photo-of-buiildings-Sz0Fvvp34_w,Anna Sullivan,https://unsplash.com/@aesullivan2010
Greece,greece santorini travel,DhioakNRMI8,https://images.unsplash.com/photo-1601965054301-818344461946?crop=entropy&cs=tinysrgb&fit=max&fm=jpg&ixid=M3w4ODAxNDl8MHwxfHNlYXJjaHwzMHx8Z3JlZWNlJTIwc2FudG9yaW5pJTIwdHJhdmVsfGVufDB8MHx8fDE3NzIxNDU2OTN8MA&ixlib=rb-4.1.0&q=80&w=400,https://unsplash.com/photos/woman-in-yellow-and-black-jacket-standing-on-rocky-ground-during-daytime-DhioakNRMI8,Clement Souchet,https://unsplash.com/@windclems
Greece,greece santorini travel,4d74SESdhr0,https://images.unsplash.com/photo-1671222868033-6c03175a20d1?crop=entropy&cs=tinysrgb&fit=max&fm=jpg&ixid=M3w4ODAxNDl8MHwxfHNlYXJjaHwzMXx8Z3JlZWNlJTIwc2FudG9yaW5pJTIwdHJhdmVsfGVufDB8MHx8fDE3NzIxNDU2OTV8MA&ixlib=rb-4.1.0&q=80&w=400,https://unsplash.com/photos/a-woman-with-a-gold-hair-pin-in-her-hair-4d74SESdhr0,Jeison Higuita,https://unsplash.com/@jeison
Greece,greece santorini travel,umFQ5gUuzs4,https://images.unsplash.com/photo-1606390311453-134e4364dfdb?crop=entropy&cs=tinysrgb&fit=max&fm=jpg&ixid=M3w4ODAxNDl8MHwxfHNlYXJjaHwzMnx8Z3JlZWNlJTIwc2FudG9yaW5pJTIwdHJhdmVsfGVufDB8MHx8fDE3NzIxNDU2OTV8MA&ixlib=rb-4.1.0&q=80&w=400,https://unsplash.com/photos/white-and-blue-dome-building-on-top-of-mountain-during-daytime-umFQ5gUuzs4,Federica Bisso,https://unsplash.com/@fedebisso
Greece,greece santorini travel,CdOQeeqMUzs,https://images.unsplash.com/photo-1671834215094-1c839963e382?crop=entropy&cs=tinysrgb&fit=max&fm=jpg&ixid=M3w4ODAxNDl8MHwxfHNlYXJjaHwzM3x8Z3JlZWNlJTIwc2FudG9yaW5pJTIwdHJhdmVsfGVufDB8MHx8fDE3NzIxNDU2OTV8MA&ixlib=rb-4.1.0&q=80&w=400,https://unsplash.com/photos/a-large-body-of-water-with-a-sunset-in-the-background-CdOQeeqMUzs,Hooman R.,https://unsplash.com/@hooman_r
Greece,greece santorini travel,g3AfAZNDTXo,https://images.unsplash.com/photo-1666062669930-6bd4b5031867?crop=entropy&cs=tinysrgb&fit=max&fm=jpg&ixid=M3w4ODAxNDl8MHwxfHNlYXJjaHwzNHx8Z3JlZWNlJTIwc2FudG9yaW5pJTIwdHJhdmVsfGVufDB8MHx8fDE3NzIxNDU2OTV8MA&ixlib=rb-4.1.0&q=80&w=400,https://unsplash.com/photos/a-pool-in-a-backyard-g3AfAZNDTXo,Kody Goodson,https://unsplash.com/@kodyg
Greece,greece santorini travel,lmur6RSpbG4,https://images.unsplash.com/photo-1599916838385-1429b3a9c8ef?crop=entropy&cs=tinysrgb&fit=max&fm=jpg&ixid=M3w4ODAxNDl8MHwxfHNlYXJjaHwzNXx8Z3JlZWNlJTIwc2FudG9yaW5pJTIwdHJhdmVsfGVufDB8MHx8fDE3NzIxNDU2OTV8MA&ixlib=rb-4.1.0&q=80&w=400,https://unsplash.com/photos/blue-and-white-sky-with-stars-lmur6RSpbG4,Clement Souchet,https://unsplash.com/@windclems
Greece,greece santorini travel,FINwOwYNTvI,https://images.unsplash.com/photo-1597744733354-0499ea376fe9?crop=entropy&cs=tinysrgb&fit=max&fm=jpg&ixid=M3w4ODAxNDl8MHwxfHNlYXJjaHwzNnx8Z3JlZWNlJTIwc2FudG9yaW5pJTIwdHJhdmVsfGVufDB8MHx8fDE3NzIxNDU2OTV8MA&ixlib=rb-4.1.0&q=80&w=400,https://unsplash.com/photos/white-and-brown-concrete-houses-near-body-of-water-during-daytime-FINwOwYNTvI,Jeet Dhanoa,https://unsplash.com/@jeetdhanoa
Greece,greece santorini travel,evcIvW8AP94,https://images.unsplash.com/photo-1622299077374-2b90018ae5be?crop=entropy&cs=tinysrgb&fit=max&fm=jpg&ixid=M3w4ODAxNDl8MHwxfHNlYXJjaHwzN3x8Z3JlZWNlJTIwc2FudG9yaW5pJTIwdHJhdmVsfGVufDB8MHx8fDE3NzIxNDU2OTV8MA&ixlib=rb-4.1.0&q=80&w=400,https://unsplash.com/photos/brown-rocky-mountain-beside-blue-sea-during-daytime-evcIvW8AP94,Megan Lee,https://unsplash.com/@meganlee007
Greece,greece santorini travel,iY19M1wdP7M,https://images.unsplash.com/photo-1580620745755-6a6b761f425a?crop=entropy&cs=tinysrgb&fit=max&fm=jpg&ixid=M3w4ODAxNDl8MHwxfHNlYXJjaHwzOHx8Z3JlZWNlJTIwc2FudG9yaW5pJTIwdHJhdmVsfGVufDB8MHx8fDE3NzIxNDU2OTV8MA&ixlib=rb-4.1.0&q=80&w=400,https://unsplash.com/photos/aerial-view-of-houses-during-daytime-iY19M1wdP7M,Victor He,https://unsplash.com/@victorhwn725
Greece,greece santorini travel,6MxxQJtDgak,https://images.unsplash.com/photo-1526315337991-2ea805e212a8?crop=entropy&cs=tinysrgb&fit=max&fm=jpg&ixid=M3w4ODAxNDl8MHwxfHNlYXJjaHwzOXx8Z3JlZWNlJTIwc2FudG9yaW5pJTIwdHJhdmVsfGVufDB8MHx8fDE3NzIxNDU2OTV8MA&ixlib=rb-4.1.0&q=80&w=400,https://unsplash.com/photos/santorini-greece-6MxxQJtDgak,Charlie M,https://unsplash.com/@chollz
Greece,greece santorini travel,2zf1XW81D88,https://images.unsplash.com/photo-1566651565275-56ff083b03a8?crop=entropy&cs=tinysrgb&fit=max&fm=jpg&ixid=M3w4ODAxNDl8MHwxfHNlYXJjaHw0MHx8Z3JlZWNlJTIwc2FudG9yaW5pJTIwdHJhdmVsfGVufDB8MHx8fDE3NzIxNDU2OTV8MA&ixlib=rb-4.1.0&q=80&w=400,https://unsplash.com/photos/santorini-greece-2zf1XW81D88,Michelle Woodson Howell,https://unsplash.com/@mmwoodson
Thailand,thailand beach travel,RBDgTJt3i-c,https://images.unsplash.com/photo-1615259844850-10eacfec0ec8?crop=entropy&cs=tinysrgb&fit=max&fm=jpg&ixid=M3w4ODAxNDl8MHwxfHNlYXJjaHwxfHx0aGFpbGFuZCUyMGJlYWNoJTIwdHJhdmVsfGVufDB8MHx8fDE3NzIxNDU2OTd8MA&ixlib=rb-4.1.0&q=80&w=400,https://unsplash.com/photos/green-trees-near-body-of-water-during-daytime-RBDgTJt3i-c,Mike Anderson,https://unsplash.com/@anderson_mike
Thailand,thailand beach travel,pDZMPBBELeQ,https://images.unsplash.com/photo-1659688536182-a88752abfd34?crop=entropy&cs=tinysrgb&fit=max&fm=jpg&ixid=M3w4ODAxNDl8MHwxfHNlYXJjaHwyfHx0aGFpbGFuZCUyMGJlYWNoJTIwdHJhdmVsfGVufDB8MHx8fDE3NzIxNDU2OTd8MA&ixlib=rb-4.1.0&q=80&w=400,https://unsplash.com/photos/a-body-of-water-with-boats-and-a-rocky-mountain-in-the-background-pDZMPBBELeQ,Callous Gee,https://unsplash.com/@callouswashere
Thailand,thailand beach travel,NSd2ae5z_Yw,https://images.unsplash.com/photo-1713972170063-6daa4f4a457e?crop=entropy&cs=tinysrgb&fit=max&fm=jpg&ixid=M3w4ODAxNDl8MHwxfHNlYXJjaHwzfHx0aGFpbGFuZCUyMGJlYWNoJTIwdHJhdmVsfGVufDB8MHx8fDE3NzIxNDU2OTd8MA&ixlib=rb-4.1.0&q=80&w=400,https://unsplash.com/photos/a-beach-with-rocks-and-water-under-a-cloudy-blue-sky-NSd2ae5z_Yw,Liandre Bezuidenhout,https://unsplash.com/@quite_frank_lee_92
Thailand,thailand beach travel,rh8K5Lk1he4,https://images.unsplash.com/photo-1664208689106-f0f8f0cf93c5?crop=entropy&cs=tinysrgb&fit=max&fm=jpg&ixid=M3w4ODAxNDl8MHwxfHNlYXJjaHw0fHx0aGFpbGFuZCUyMGJlYWNoJTIwdHJhdmVsfGVufDB8MHx8fDE3NzIxNDU2OTd8MA&ixlib=rb-4.1.0&q=80&w=400,https://unsplash.com/photos/a-beach-with-palm-trees-rh8K5Lk1he4,Milind Shah,https://unsplash.com/@computingfreak
Thailand,thailand beach travel,MPRaVssGyQk,https://images.unsplash.com/photo-1591527614711-6e2620149129?crop=entropy&cs=tinysrgb&fit=max&fm=jpg&ixid=M3w4ODAxNDl8MHwxfHNlYXJjaHw1fHx0aGFpbGFuZCUyMGJlYWNoJTIwdHJhdmVsfGVufDB8MHx8fDE3NzIxNDU2OTd8MA&ixlib=rb-4.1.0&q=80&w=400,https://unsplash.com/photos/grayscale-photo-of-people-riding-boat-on-water-MPRaVssGyQk,Ignazio Di Gangi,https://unsplash.com/@igny_5
Thailand,thailand beach travel,sYpNq-EBCvg,https://images.unsplash.com/photo-1660593212118-e59bdd0c1e79?crop=entropy&cs=tinysrgb&fit=max&fm=jpg&ixid=M3w4ODAxNDl8MHwxfHNlYXJjaHw2fHx0aGFpbGFuZCUyMGJlYWNoJTIwdHJhdmVsfGVufDB8MHx8fDE3NzIxNDU2OTd8MA&ixlib=rb-4.1.0&q=80&w=400,https://unsplash.com/photos/a-boat-on-the-beach-sYpNq-EBCvg,Mil Amirian,https://unsplash.com/@milventures
Thailand,thailand beach travel,XNyhLJ7-R0I,https://images.unsplash.com/photo-1612864273267-f00f5ea5c086?crop=entropy&cs=tinysrgb&fit=max&fm=jpg&ixid=M3w4ODAxNDl8MHwxfHNlYXJjaHw3fHx0aGFpbGFuZCUyMGJlYWNoJTIwdHJhdmVsfGVufDB8MHx8fDE3NzIxNDU2OTd8MA&ixlib=rb-4.1.0&q=80&w=400,https://unsplash.com/photos/green-trees-on-brown-sand-beach-under-blue-and-white-sunny-cloudy-sky-during-daytime-XNyhLJ7-R0I,engin akyurt,https://unsplash.com/@enginakyurt
Thailand,thailand beach travel,vxWWhhNILjQ,https://images.unsplash.com/photo-1608330862864-5ee5f7644f63?crop=entropy&cs=tinysrgb&fit=max&fm=jpg&ixid=M3w4ODAxNDl8MHwxfHNlYXJjaHw4fHx0aGFpbGFuZCUyMGJlYWNoJTIwdHJhdmVsfGVufDB8MHx8fDE3NzIxNDU2OTd8MA&ixlib=rb-4.1.0&q=80&w=400,https://unsplash.com/photos/gold-and-green-dragon-statue-vxWWhhNILjQ,Savelie Antipov,https://unsplash.com/@savelie
Thailand,thailand beach travel,KDXEnIXXw4Y,https://images.unsplash.com/photo-1615279646096-235c49ebf9bf?crop=entropy&cs=tinysrgb&fit=max&fm=jpg&ixid=M3w4ODAxNDl8MHwxfHNlYXJjaHw5fHx0aGFpbGFuZCUyMGJlYWNoJTIwdHJhdmVsfGVufDB8MHx8fDE3NzIxNDU2OTd8MA&ixlib=rb-4.1.0&q=80&w=400,https://unsplash.com/photos/green-trees-beside-river-under-blue-sky-during-daytime-KDXEnIXXw4Y,Mike Anderson,https://unsplash.com/@anderson_mike
Thailand,thailand beach travel,o1ZIikGUQ7M,https://images.unsplash.com/photo-1653275090234-a860f3e1ad45?crop=entropy&cs=tinysrgb&fit=max&fm=jpg&ixid=M3w4ODAxNDl8MHwxfHNlYXJjaHwxMHx8dGhhaWxhbmQlMjBiZWFjaCUyMHRyYXZlbHxlbnwwfDB8fHwxNzcyMTQ1Njk3fDA&ixlib=rb-4.1.0&q=80&w=400,https://unsplash.com/photos/a-cat-sitting-on-the-side-of-the-road-o1ZIikGUQ7M,Aiva Apsite,https://unsplash.com/@aivenieks
Thailand,thailand beach travel,BPxN0eMDU2A,https://images.unsplash.com/photo-1571467128872-710daa912565?crop=entropy&cs=tinysrgb&fit=max&fm=jpg&ixid=M3w4ODAxNDl8MHwxfHNlYXJjaHwxMXx8dGhhaWxhbmQlMjBiZWFjaCUyMHRyYXZlbHxlbnwwfDB8fHwxNzcyMTQ1Njk3fDA&ixlib=rb-4.1.0&q=80&w=400,https://unsplash.com/photos/boats-on-shore-during-daytime-BPxN0eMDU2A,Artem Bryzgalov,https://unsplash.com/@abrizgalov
Thailand,thailand beach travel,D0-tRt7e2D0,https://images.unsplash.com/photo-1687937206369-28b9a42f8374?crop=entropy&cs=tinysrgb&fit=max&fm=jpg&ixid=M3w4ODAxNDl8MHwxfHNlYXJjaHwxMnx8dGhhaWxhbmQlMjBiZWFjaCUyMHRyYXZlbHxlbnwwfDB8fHwxNzcyMTQ1Njk3fDA&ixlib=rb-4.1.0&q=80&w=400,https://unsplash.com/photos/a-large-golden-buddha-statue-in-front-of-a-building-D0-tRt7e2D0,Ryan Le,https://unsplash.com/@ryan_le
Thailand,thailand beach travel,OhWrQYi9x2I,https://images.unsplash.com/photo-1718908722009-62fe1b988bcb?crop=entropy&cs=tinysrgb&fit=max&fm=jpg&ixid=M3w4ODAxNDl8MHwxfHNlYXJjaHwxM3x8dGhhaWxhbmQlMjBiZWFjaCUyMHRyYXZlbHxlbnwwfDB8fHwxNzcyMTQ1Njk3fDA&ixlib=rb-4.1.0&q=80&w=400,https://unsplash.com/photos/a-group-of-boats-sitting-on-top-of-a-body-of-water-OhWrQYi9x2I,Yada Pongsirirushakun,https://unsplash.com/@pangyadas
Thailand,thailand beach travel,xQoWZOP2gUg,https://images.unsplash.com/photo-1675383012260-63e247209c5b?crop=entropy&cs=tinysrgb&fit=max&fm=jpg&ixid=M3w4ODAxNDl8MHwxfHNlYXJjaHwxNHx8dGhhaWxhbmQlMjBiZWFjaCUyMHRyYXZlbHxlbnwwfDB8fHwxNzcyMTQ1Njk3fDA&ixlib=rb-4.1.0&q=80&w=400,https://unsplash.com/photos/a-beach-with-a-mountain-in-the-background-xQoWZOP2gUg,Melanie Hooghiemstra,https://unsplash.com/@melaniehooghiemstra
Thailand,thailand beach travel,bUsBvQqgohQ,https://images.unsplash.com/photo-1636885981483-c86c4ce77c46?crop=entropy&cs=tinysrgb&fit=max&fm=jpg&ixid=M3w4ODAxNDl8MHwxfHNlYXJjaHwxNXx8dGhhaWxhbmQlMjBiZWFjaCUyMHRyYXZlbHxlbnwwfDB8fHwxNzcyMTQ1Njk3fDA&ixlib=rb-4.1.0&q=80&w=400,https://unsplash.com/photos/a-couple-of-cows-that-are-standing-in-the-grass-bUsBvQqgohQ,Carlos Ibáñez,https://unsplash.com/@ibaxez
Thailand,thailand beach travel,JobDlMNmIuU,https://images.unsplash.com/photo-1608478063152-f5ac066721ea?crop=entropy&cs=tinysrgb&fit=max&fm=jpg&ixid=M3w4ODAxNDl8MHwxfHNlYXJjaHwxNnx8dGhhaWxhbmQlMjBiZWFjaCUyMHRyYXZlbHxlbnwwfDB8fHwxNzcyMTQ1Njk3fDA&ixlib=rb-4.1.0&q=80&w=400,https://unsplash.com/photos/man-and-woman-walking-on-beach-during-daytime-JobDlMNmIuU,Marc Mintel,https://unsplash.com/@mmintel
Thailand,thailand beach travel,-078Xddd4B0,https://images.unsplash.com/photo-1520588687615-86e74a630bab?crop=entropy&cs=tinysrgb&fit=max&fm=jpg&ixid=M3w4ODAxNDl8MHwxfHNlYXJjaHwxN3x8dGhhaWxhbmQlMjBiZWFjaCUyMHRyYXZlbHxlbnwwfDB8fHwxNzcyMTQ1Njk3fDA&ixlib=rb-4.1.0&q=80&w=400,https://unsplash.com/photos/man-carrying-rectangular-blue-plastic-trat--078Xddd4B0,Simon Shim,https://unsplash.com/@simonshim
Thailand,thailand beach travel,fWmHn_-Z3Gk,https://images.unsplash.com/photo-1681345795730-36af17734235?crop=entropy&cs=tinysrgb&fit=max&fm=jpg&ixid=M3w4ODAxNDl8MHwxfHNlYXJjaHwxOHx8dGhhaWxhbmQlMjBiZWFjaCUyMHRyYXZlbHxlbnwwfDB8fHwxNzcyMTQ1Njk3fDA&ixlib=rb-4.1.0&q=80&w=400,https://unsplash.com/photos/a-monkey-sitting-on-a-ledge-looking-at-the-ocean-fWmHn_-Z3Gk,Shade,https://unsplash.com/@shade_
Thailand,thailand beach travel,CZDOF7kTm7M,https://images.unsplash.com/photo-1645788265015-fccb2e649fa3?crop=entropy&cs=tinysrgb&fit=max&fm=jpg&ixid=M3w4ODAxNDl8MHwxfHNlYXJjaHwxOXx8dGhhaWxhbmQlMjBiZWFjaCUyMHRyYXZlbHxlbnwwfDB8fHwxNzcyMTQ1Njk3fDA&ixlib=rb-4.1.0&q=80&w=400,https://unsplash.com/photos/a-group-of-people-walking-through-a-forest-CZDOF7kTm7M,Sudatip T.,https://unsplash.com/@sudatipt
Thailand,thailand beach travel,gsllxmVO4HQ,https://images.unsplash.com/photo-1528181304800-259b08848526?crop=entropy&cs=tinysrgb&fit=max&fm=jpg&ixid=M3w4ODAxNDl8MHwxfHNlYXJjaHwyMHx8dGhhaWxhbmQlMjBiZWFjaCUyMHRyYXZlbHxlbnwwfDB8fHwxNzcyMTQ1Njk3fDA&ixlib=rb-4.1.0&q=80&w=400,https://unsplash.com/photos/standing-statue-and-temples-landmark-during-daytime-gsllxmVO4HQ,Mathew Schwartz,https://unsplash.com/@cadop
Thailand,thailand beach travel,wS9FVNH8zSY,https://images.unsplash.com/photo-1643299665599-7fdfdffff020?crop=entropy&cs=tinysrgb&fit=max&fm=jpg&ixid=M3w4ODAxNDl8MHwxfHNlYXJjaHwyMXx8dGhhaWxhbmQlMjBiZWFjaCUyMHRyYXZlbHxlbnwwfDB8fHwxNzcyMTQ1Njk3fDA&ixlib=rb-4.1.0&q=80&w=400,https://unsplash.com/photos/a-bus-driving-down-a-street-next-to-a-tall-building-wS9FVNH8zSY,Phurichaya Kitticharin,https://unsplash.com/@mnegummy
Thailand,thailand beach travel,FWGvf4ioLT4,https://images.unsplash.com/photo-1606665041554-d1263a0b6696?crop=entropy&cs=tinysrgb&fit=max&fm=jpg&ixid=M3w4ODAxNDl8MHwxfHNlYXJjaHwyMnx8dGhhaWxhbmQlMjBiZWFjaCUyMHRyYXZlbHxlbnwwfDB8fHwxNzcyMTQ1Njk3fDA&ixlib=rb-4.1.0&q=80&w=400,https://unsplash.com/photos/red-and-yellow-chinese-lanterns-FWGvf4ioLT4,Anon P,https://unsplash.com/@anonpeet
Thailand,thailand beach travel,nt4vOGxZ7gU,https://images.unsplash.com/photo-1641767865121-f5f46f5858d5?crop=entropy&cs=tinysrgb&fit=max&fm=jpg&ixid=M3w4ODAxNDl8MHwxfHNlYXJjaHwyM3x8dGhhaWxhbmQlMjBiZWFjaCUyMHRyYXZlbHxlbnwwfDB8fHwxNzcyMTQ1Njk3fDA&ixlib=rb-4.1.0&q=80&w=400,https://unsplash.com/photos/a-river-that-has-a-sign-on-it-nt4vOGxZ7gU,Anna Niko,https://unsplash.com/@annaniko
Thailand,thailand beach travel,h4BItTEOH0s,https://images.unsplash.com/photo-1645788241728-0ca8009c9e59?crop=entropy&cs=tinysrgb&fit=max&fm=jpg&ixid=M3w4ODAxNDl8MHwxfHNlYXJjaHwyNHx8dGhhaWxhbmQlMjBiZWFjaCUyMHRyYXZlbHxlbnwwfDB8fHwxNzcyMTQ1Njk3fDA&ixlib=rb-4.1.0&q=80&w=400,https://unsplash.com/photos/a-room-filled-with-lots-of-wooden-chairs-h4BItTEOH0s,Sudatip T.,https://unsplash.com/@sudatipt
Thailand,thailand beach travel,8ENgXKBuBv4,https://images.unsplash.com/photo-1649697263712-96bae263aa26?crop=entropy&cs=tinysrgb&fit=max&fm=jpg&ixid=M3w4ODAxNDl8MHwxfHNlYXJjaHwyNXx8dGhhaWxhbmQlMjBiZWFjaCUyMHRyYXZlbHxlbnwwfDB8fHwxNzcyMTQ1Njk3fDA&ixlib=rb-4.1.0&q=80&w=400,https://unsplash.com/photos/a-black-and-white-photo-of-a-bridge-and-buildings-8ENgXKBuBv4,Chutikarn Dejpeum,https://unsplash.com/@pongz
Thailand,thailand beach travel,ocD75SD-k0s,https://images.unsplash.com/photo-1629772702905-8bbae88210e7?crop=entropy&cs=tinysrgb&fit=max&fm=jpg&ixid=M3w4ODAxNDl8MHwxfHNlYXJjaHwyNnx8dGhhaWxhbmQlMjBiZWFjaCUyMHRyYXZlbHxlbnwwfDB8fHwxNzcyMTQ1Njk3fDA&ixlib=rb-4.1.0&q=80&w=400,https://unsplash.com/photos/people-walking-on-market-during-daytime-ocD75SD-k0s,I Do Nothing But Love,https://unsplash.com/@idonothingbutlove
Thailand,thailand beach travel,xxCSeMPCp5E,https://images.unsplash.com/photo-1580329119289-d85a901edffd?crop=entropy&cs=tinysrgb&fit=max&fm=jpg&ixid=M3w4ODAxNDl8MHwxfHNlYXJjaHwyN3x8dGhhaWxhbmQlMjBiZWFjaCUyMHRyYXZlbHxlbnwwfDB8fHwxNzcyMTQ1Njk3fDA&ixlib=rb-4.1.0&q=80&w=400,https://unsplash.com/photos/person-in-red-shirt-standing-on-beach-during-daytime-xxCSeMPCp5E,Robert Eklund,https://unsplash.com/@roberteklund
Thailand,thailand beach travel,ytsYMo1ciWo,https://images.unsplash.com/photo-1615094401770-713fecd4695a?crop=entropy&cs=tinysrgb&fit=max&fm=jpg&ixid=M3w4ODAxNDl8MHwxfHNlYXJjaHwyOHx8dGhhaWxhbmQlMjBiZWFjaCUyMHRyYXZlbHxlbnwwfDB8fHwxNzcyMTQ1Njk3fDA&ixlib=rb-4.1.0&q=80&w=400,https://unsplash.com/photos/a-bridge-over-a-river-surrounded-by-lots-of-flowers-ytsYMo1ciWo,Mike Anderson,https://unsplash.com/@anderson_mike
Thailand,thailand beach travel,zHgR9MiwIDs,https://images.unsplash.com/photo-1576363399723-37e96768a492?crop=entropy&cs=tinysrgb&fit=max&fm=jpg&ixid=M3w4ODAxNDl8MHwxfHNlYXJjaHwyOXx8dGhhaWxhbmQlMjBiZWFjaCUyMHRyYXZlbHxlbnwwfDB8fHwxNzcyMTQ1Njk3fDA&ixlib=rb-4.1.0&q=80&w=400,https://unsplash.com/photos/people-standing-on-seashore-during-golden-hour-zHgR9MiwIDs,Darren Lawrence,https://unsplash.com/@wild_away
Thailand,thailand beach travel,4vX8qmVF414,https://images.unsplash.com/photo-1643299665603-c2bf5832dc22?crop=entropy&cs=tinysrgb&fit=max&fm=jpg&ixid=M3w4ODAxNDl8MHwxfHNlYXJjaHwzMHx8dGhhaWxhbmQlMjBiZWFjaCUyMHRyYXZlbHxlbnwwfDB8fHwxNzcyMTQ1Njk3fDA&ixlib=rb-4.1.0&q=80&w=400,https://unsplash.com/photos/a-red-car-driving-down-a-street-next-to-a-tall-building-4vX8qmVF414,Phurichaya Kitticharin,https://unsplash.com/@mnegummy
Thailand,thailand beach travel,RGoywTgsMGY,https://images.unsplash.com/photo-1691430312264-553021370070?crop=entropy&cs=tinysrgb&fit=max&fm=jpg&ixid=M3w4ODAxNDl8MHwxfHNlYXJjaHwzMXx8dGhhaWxhbmQlMjBiZWFjaCUyMHRyYXZlbHxlbnwwfDB8fHwxNzcyMTQ1Njk4fDA&ixlib=rb-4.1.0&q=80&w=400,https://unsplash.com/photos/a-group-of-boats-floating-on-top-of-a-body-of-water-RGoywTgsMGY,Ashiks Visual,https://unsplash.com/@ashiksvisual
Thailand,thailand beach travel,nt4vOGxZ7gU,https://images.unsplash.com/photo-1641767865121-f5f46f5858d5?crop=entropy&cs=tinysrgb&fit=max&fm=jpg&ixid=M3w4ODAxNDl8MHwxfHNlYXJjaHwzMnx8dGhhaWxhbmQlMjBiZWFjaCUyMHRyYXZlbHxlbnwwfDB8fHwxNzcyMTQ1Njk4fDA&ixlib=rb-4.1.0&q=80&w=400,https://unsplash.com/photos/a-river-that-has-a-sign-on-it-nt4vOGxZ7gU,Anna Niko,https://unsplash.com/@annaniko
Thailand,thailand beach travel,h4BItTEOH0s,https://images.unsplash.com/photo-1645788241728-0ca8009c9e59?crop=entropy&cs=tinysrgb&fit=max&fm=jpg&ixid=M3w4ODAxNDl8MHwxfHNlYXJjaHwzM3x8dGhhaWxhbmQlMjBiZWFjaCUyMHRyYXZlbHxlbnwwfDB8fHwxNzcyMTQ1Njk4fDA&ixlib=rb-4.1.0&q=80&w=400,https://unsplash.com/photos/a-room-filled-with-lots-of-wooden-chairs-h4BItTEOH0s,Sudatip T.,https://unsplash.com/@sudatipt
Thailand,thailand beach travel,8ENgXKBuBv4,https://images.unsplash.com/photo-1649697263712-96bae263aa26?crop=entropy&cs=tinysrgb&fit=max&fm=jpg&ixid=M3w4ODAxNDl8MHwxfHNlYXJjaHwzNHx8dGhhaWxhbmQlMjBiZWFjaCUyMHRyYXZlbHxlbnwwfDB8fHwxNzcyMTQ1Njk4fDA&ixlib=rb-4.1.0&q=80&w=400,https://unsplash.com/photos/a-black-and-white-photo-of-a-bridge-and-buildings-8ENgXKBuBv4,Chutikarn Dejpeum,https://unsplash.com/@pongz
Thailand,thailand beach travel,ocD75SD-k0s,https://images.unsplash.com/photo-1629772702905-8bbae88210e7?crop=entropy&cs=tinysrgb&fit=max&fm=jpg&ixid=M3w4ODAxNDl8MHwxfHNlYXJjaHwzNXx8dGhhaWxhbmQlMjBiZWFjaCUyMHRyYXZlbHxlbnwwfDB8fHwxNzcyMTQ1Njk4fDA&ixlib=rb-4.1.0&q=80&w=400,https://unsplash.com/photos/people-walking-on-market-during-daytime-ocD75SD-k0s,I Do Nothing But Love,https://unsplash.com/@idonothingbutlove
Thailand,thailand beach travel,xxCSeMPCp5E,https://images.unsplash.com/photo-1580329119289-d85a901edffd?crop=entropy&cs=tinysrgb&fit=max&fm=jpg&ixid=M3w4ODAxNDl8MHwxfHNlYXJjaHwzNnx8dGhhaWxhbmQlMjBiZWFjaCUyMHRyYXZlbHxlbnwwfDB8fHwxNzcyMTQ1Njk4fDA&ixlib=rb-4.1.0&q=80&w=400,https://unsplash.com/photos/person-in-red-shirt-standing-on-beach-during-daytime-xxCSeMPCp5E,Robert Eklund,https://unsplash.com/@roberteklund
Thailand,thailand beach travel,kxZOshKYUeA,https://images.unsplash.com/photo-1625191416852-c8dac5d38a83?crop=entropy&cs=tinysrgb&fit=max&fm=jpg&ixid=M3w4ODAxNDl8MHwxfHNlYXJjaHwzN3x8dGhhaWxhbmQlMjBiZWFjaCUyMHRyYXZlbHxlbnwwfDB8fHwxNzcyMTQ1Njk4fDA&ixlib=rb-4.1.0&q=80&w=400,https://unsplash.com/photos/white-boats-on-sea-under-blue-sky-during-daytime-kxZOshKYUeA,Ryutaro Uozumi,https://unsplash.com/@ryutarouozumi
Thailand,thailand beach travel,ytsYMo1ciWo,https://images.unsplash.com/photo-1615094401770-713fecd4695a?crop=entropy&cs=tinysrgb&fit=max&fm=jpg&ixid=M3w4ODAxNDl8MHwxfHNlYXJjaHwzOHx8dGhhaWxhbmQlMjBiZWFjaCUyMHRyYXZlbHxlbnwwfDB8fHwxNzcyMTQ1Njk4fDA&ixlib=rb-4.1.0&q=80&w=400,https://unsplash.com/photos/a-bridge-over-a-river-surrounded-by-lots-of-flowers-ytsYMo1ciWo,Mike Anderson,https://unsplash.com/@anderson_mike
Thailand,thailand beach travel,4vX8qmVF414,https://images.unsplash.com/photo-1643299665603-c2bf5832dc22?crop=entropy&cs=tinysrgb&fit=max&fm=jpg&ixid=M3w4ODAxNDl8MHwxfHNlYXJjaHwzOXx8dGhhaWxhbmQlMjBiZWFjaCUyMHRyYXZlbHxlbnwwfDB8fHwxNzcyMTQ1Njk4fDA&ixlib=rb-4.1.0&q=80&w=400,https://unsplash.com/photos/a-red-car-driving-down-a-street-next-to-a-tall-building-4vX8qmVF414,Phurichaya Kitticharin,https://unsplash.com/@mnegummy
Thailand,thailand beach travel,dQxKdoptyzY,https://images.unsplash.com/photo-1611551759932-57ebf0ac6bef?crop=entropy&cs=tinysrgb&fit=max&fm=jpg&ixid=M3w4ODAxNDl8MHwxfHNlYXJjaHw0MHx8dGhhaWxhbmQlMjBiZWFjaCUyMHRyYXZlbHxlbnwwfDB8fHwxNzcyMTQ1Njk4fDA&ixlib=rb-4.1.0&q=80&w=400,https://unsplash.com/photos/people-on-beach-during-sunset-dQxKdoptyzY,Thomas Oxford,https://unsplash.com/@thom_oxford
